LA Code,Year,Region,Total - All Fuels,Coal,Manufactured fuels,Petroleum products,Total Gas,Bioenergy & Wastes
S12000033,2005,Aberdeen City,3528.7291064388187,24.97997483660117,12.571581601665955,436.33960831191905,3041.3599503705254,13.477991318106653
S12000034,2005,Aberdeenshire,3469.660998726379,43.260611405383685,30.62185097345032,1578.8168632484799,1783.1767464695522,33.784926629513535
S92000003,2005,All local authorities,97964.19211842041,1476.2001932465955,1029.9144684857336,34820.75422430525,59112.05483699709,1525.268395385737
S12000041,2005,Angus,1443.297510754202,10.48299888577915,7.014914217404509,387.95825980460455,1025.8642657196228,11.977072126790873
S12000035,2005,Argyll and Bute,1171.3414868225386,24.261194743947947,8.905953422823018,558.4830386019344,564.5245247786627,15.166775275170764
S12000036,2005,City of Edinburgh,5929.0377058682725,12.848180221600753,5.252984758223077,287.84298536239737,5613.003952312383,10.08960321366787
S12000005,2005,Clackmannanshire,925.4186095087607,1.516962041146057,4.427405757522148,73.52524815521089,842.1834449766789,3.7655485782027247
S12000006,2005,Dumfries and Galloway,2566.23383292676,38.93529888058531,38.3583201817429,1071.8091209593176,1312.1246043267945,105.00648857831965
S12000042,2005,Dundee City,1906.056999509949,0.39207845492655535,0.9822580756247039,208.75986121815927,1693.3205760158812,2.6022257453575772
S12000008,2005,East Ayrshire,1922.1143583895177,33.59439628178267,8.227363061391756,262.8270120183043,1440.2508935759192,177.2146934521198
S12000045,2005,East Dunbartonshire,1266.0468490995304,1.475776688242657,2.646533232152374,75.35136390199847,1182.4212778324118,4.151897444725039
S12000010,2005,East Lothian,1825.6276865723432,245.14826396347155,202.55409784532318,169.38828567829742,864.7542099430377,343.7828291422133
S12000011,2005,East Renfrewshire,1010.8813220308048,0.9762507410510614,2.7062265409529234,44.4229813796112,957.8438828171122,4.931980552077288
S12000014,2005,Falkirk,20372.79454755609,2.9428667251527596,526.822107907039,17829.420516820297,2007.6970882324104,5.911967871189121
S12000047,2005,Fife,11113.501094787027,538.6566601972497,29.351702307289365,4600.546511323885,5918.752402114232,26.19381884437051
S12000049,2005,Glasgow City,7021.12649763921,1.2934349021315534,4.1177094081391665,395.91290414770964,6614.7303097663835,5.072139414846896
S12000017,2005,Highland,3472.897147264804,86.45087595144115,24.899815054163277,1824.0497748772627,1303.7610501067595,233.73563127517733
S12000018,2005,Inverclyde,894.4723170785577,0.693327181159103,2.0265695093502254,37.320047248836424,851.1034784048293,3.3288947343826316
S12000019,2005,Midlothian,934.1053956125148,9.684103003250122,4.139774723198759,118.79707639492014,793.2847464818547,8.199695009291169
S12000020,2005,Moray,2029.5597094699247,12.24384592657874,7.878466973296335,415.2512761125373,1582.068240197611,12.117880259901284
S12000013,2005,Na h-Eileanan Siar,293.87165740064785,11.496666514752922,3.9255735664037292,271.64879045535594,0,6.8006268641352605
S12000021,2005,North Ayrshire,3410.6590501137684,238.2237389077045,4.802155112083081,246.34283004980557,2765.611837427232,155.67848861694358
S12000050,2005,North Lanarkshire,4359.476202997383,5.4256216326804125,33.12674350600338,461.9746547908342,3751.3745349009696,107.57464816689499
S12000023,2005,Orkney Islands,299.9103406466056,9.481851704371046,3.0860086267047295,282.73987093336984,0,4.602609382160003
S12000048,2005,Perth and Kinross,1798.0737184053153,14.274519521147994,10.64743453087164,571.0347831636562,1186.0499195407863,16.067061648853116
S12000038,2005,Renfrewshire,2197.3282669464134,1.1068780335109858,2.1682794186472933,180.91559634338543,2009.3250763881194,3.812436762750144
S12000026,2005,Scottish Borders,1724.2045510102964,38.31628759766609,9.740633309122261,669.0749499033027,984.1202338330609,22.952446367144567
S12000027,2005,Shetland Islands,262.53820254199434,9.586823137515964,3.3259588367201225,244.76593248329294,0,4.859488084465267
S12000028,2005,South Ayrshire,1745.2042108473988,34.317156563339076,8.086396781299946,347.5976436676362,1345.9990406681811,9.203973166942593
S12000029,2005,South Lanarkshire,3833.4657394575356,14.553563477168929,12.997219340378221,621.7438451999016,3166.62967664125,17.541434798836658
S12000030,2005,Stirling,1883.6105060878765,6.295845340825432,6.749214778573688,244.09031337777057,1481.2692572464298,145.20587534427688
S12000039,2005,West Dunbartonshire,1035.3845348271454,0.34719848553424404,0.8224741871251032,66.49194208563736,966.596063344825,1.1268567240238185
S12000040,2005,West Lothian,2317.5720338127194,2.936943565953162,6.9307341857528355,235.50955077523957,2062.864351171694,9.33045411407947
S12000033,2006,Aberdeen City,3126.9021369452616,25.404231509644344,13.157767063600495,444.0176266881508,2625.831485088035,18.491026595830913
S12000034,2006,Aberdeenshire,3222.9550458421004,46.69859931636799,31.157197294754802,1559.7306221253136,1545.2245204278936,40.14410667777059
S92000003,2006,All local authorities,92245.0668838711,1720.8740342613164,996.614659822027,30990.639665253824,57061.74509092492,1475.1934336090098
S12000041,2006,Angus,1402.3680811723698,10.639434175531605,6.575944035294526,384.1272216321636,986.3093781758532,14.716103153526726
S12000035,2006,Argyll and Bute,1145.2742114992777,24.08803695986006,8.310153072441882,531.3244538269598,560.9122795668338,20.63928807318211
S12000036,2006,City of Edinburgh,5652.938611196065,12.882725834916963,4.8851744651007385,278.0365769487767,5342.7530993477285,14.381034599542623
S12000005,2006,Clackmannanshire,900.9323874199589,1.3673844577411003,4.133683124792471,72.8757951137001,818.3192826165723,4.236242107152942
S12000006,2006,Dumfries and Galloway,2453.7266112948932,39.207900582721905,37.58018005261256,1045.8930412324776,1252.1636817600643,78.8818076670169
S12000042,2006,Dundee City,1794.6865176156653,0.18401597021790675,0.9210509368777281,193.16975288927796,1598.0806265136255,2.3310713056661205
S12000008,2006,East Ayrshire,1859.5481350463326,34.29656420017399,7.426948450061321,250.71678291965554,1368.249178776121,198.85866070032094
S12000045,2006,East Dunbartonshire,1187.482138565664,1.3294934423316465,2.520669640791769,70.71888283869407,1108.2422080185308,4.670884625315666
S12000010,2006,East Lothian,1854.6625352515564,304.3731401534105,182.2377086434443,170.59327904532907,847.4327492316395,350.0256581777332
S12000011,2006,East Renfrewshire,984.4720955826346,0.8784057979733014,2.54380116283894,42.91952174839389,932.5818884923908,5.548478381037717
S12000014,2006,Falkirk,16762.803316957532,2.664473728779293,520.6870375943005,14252.353656312742,1980.4471858132233,6.650963508486743
S12000047,2006,Fife,11529.918366637605,708.9070595758486,30.176093442173325,4791.111330792919,5969.759078923935,29.96480390273039
S12000049,2006,Glasgow City,6731.553924212661,1.1631942005455516,4.021415155059097,373.8768110242892,6346.786346947739,5.706156885027885
S12000017,2006,Highland,3219.3419697180566,97.14380578405503,23.53570384781761,1642.952501252959,1225.5143660817212,230.1955927515036
S12000018,2006,Inverclyde,859.5861364672361,0.6350647672839532,1.9136008492269032,36.74832565268181,816.544138621863,3.745006576180453
S12000019,2006,Midlothian,906.7783154599891,9.966336507921211,3.8449614643225556,114.65443211098817,767.4982990678726,10.814286308884618
S12000020,2006,Moray,2232.7869022179616,12.682993481652623,7.423819286824198,404.53238895998004,1793.9686510941817,14.179049395322846
S12000013,2006,Na h-Eileanan Siar,297.69507305025684,11.108939649492957,3.6575854926476365,273.6882135224827,0,9.240334385633473
S12000021,2006,North Ayrshire,3247.6084955268907,234.9660071000775,4.512374755878602,226.2107046805706,2693.5839984842346,88.33541050612928
S12000050,2006,North Lanarkshire,4199.662363671425,3.9187598564441983,32.82496806782714,429.5173434401243,3663.850284661899,69.5510076451302
S12000023,2006,Orkney Islands,289.9745781651924,8.962067183513888,2.9067814430306065,272.5800625730664,0,5.5256669655814825
S12000048,2006,Perth and Kinross,1809.5195216226793,13.345138637174127,10.040625333072015,570.1814833859893,1197.2807186285777,18.671555637866255
S12000038,2006,Renfrewshire,2135.874502341643,1.0096826318262941,2.0400684125721513,180.66098234289282,1947.8747772929821,4.288991661369796
S12000026,2006,Scottish Borders,1706.3628219694858,39.036728199035956,8.827823603006468,663.967636120676,958.1778391468268,36.3527948999405
S12000027,2006,Shetland Islands,253.15988513016885,9.387041349837897,3.136816911871838,234.3742883216704,0,6.261738546788687
S12000028,2006,South Ayrshire,1813.290102353029,41.55132743905364,7.620015562307929,358.8932972958345,1394.8709925896235,10.354469466209414
S12000029,2006,South Lanarkshire,3699.0326631117,14.090732436222625,13.392126861325071,600.6435265493444,3048.986423931573,21.919853333234805
S12000030,2006,Stirling,1789.9016764932824,5.981078244862488,6.438672717096005,232.30669020364076,1406.4283148511277,138.74692047655574
S12000039,2006,West Dunbartonshire,984.508450413605,0.3136406479085715,0.769042931295356,63.23754776645035,918.9205052534239,1.2677138145268003
S12000040,2006,West Lothian,2189.7375265617875,2.6900421763380336,7.394866803471694,224.0246623143935,1945.1311943025946,10.496760964989663
S12000033,2007,Aberdeen City,3051.8588461226977,20.63653568667715,12.704104338707516,417.5647892940975,2589.135797517632,11.817619285583508
S12000034,2007,Aberdeenshire,3055.8501706530506,42.83681968451161,28.996481317783818,1432.630345740521,1521.1987807793116,30.187743130922378
S92000003,2007,All local authorities,91416.6459674149,1721.0966922833472,1074.4774954879379,29451.645416160918,57794.30403913043,1375.122324352264
S12000041,2007,Angus,1379.1958397502103,9.800913849563416,6.149851928353307,355.14750788355747,997.4398315706104,10.65773451812566
S12000035,2007,Argyll and Bute,1070.6731793543083,21.04997875723322,7.7518255789695845,495.9566296897392,532.6010380362865,13.313707292079917
S12000036,2007,City of Edinburgh,5649.43909475284,9.84004031375887,4.546243349484544,277.3247193485522,5348.930460946549,8.79763079449535
S12000005,2007,Clackmannanshire,1241.8869334881447,1.559749140629068,4.026206695277376,71.0282063582693,1161.886486711056,3.3862845829129213
S12000006,2007,Dumfries and Galloway,2335.799069080822,34.7489178475588,35.72711809039577,972.8642805686115,1239.5987047284152,52.86004784584051
S12000042,2007,Dundee City,1821.7353419223741,0.21034156061368955,0.8729201010614641,180.97125534515212,1637.5228526743908,2.1579722411558078
S12000008,2007,East Ayrshire,1828.0712122885247,24.58939863048189,6.911254627704625,236.9003078074345,1375.9540361399004,183.71621508300336
S12000045,2007,East Dunbartonshire,1195.5686733204732,1.5190116125680784,2.3601952798140506,69.21045296280931,1118.7452925645673,3.7337209007144008
S12000010,2007,East Lothian,1983.57874143657,424.5617916715652,140.81660513549963,159.5395438045373,849.7155927445573,408.9452080804105
S12000011,2007,East Renfrewshire,958.1483427444514,1.0049585949065847,2.399396091103549,40.685047521845725,909.6237061249387,4.435234411656854
S12000014,2007,Falkirk,16371.674543839667,3.015728235668577,655.0718912688427,13754.820069697358,1953.450336902673,5.316517735123637
S12000047,2007,Fife,11597.173788764158,643.542722365753,29.05561232818835,4515.520993654268,6385.544074330401,23.510386085547545
S12000049,2007,Glasgow City,6617.70097253837,1.331429911330346,3.8530780204984865,371.5236681784227,6236.4315198662025,4.56127656191587
S12000017,2007,Highland,2932.975920396018,84.4801818193122,21.95381869275118,1497.0909244950965,1206.3199414619135,123.13105392694473
S12000018,2007,Inverclyde,832.4250291204157,0.7154446671122875,1.8224725827681822,35.52001124117935,791.3734903813863,2.99361024796963
S12000019,2007,Midlothian,893.5840928760666,8.444323763744435,3.602242313623434,107.594329534966,766.7140282325001,7.229169031232594
S12000020,2007,Moray,2133.6115104532064,11.814093346408407,6.9310143512487405,373.7236193329941,1730.2951356833905,10.847647739164538
S12000013,2007,Na h-Eileanan Siar,263.83209411976253,10.117900197667684,3.399741020500661,244.3434386023505,0,5.97101429924369
S12000021,2007,North Ayrshire,3419.0973055164104,229.644753004601,4.278977417910052,216.23718894778222,2796.4082277412904,172.52815840482657
S12000050,2007,North Lanarkshire,4294.984704541195,4.271605910079039,32.29463112695703,426.0371759122026,3766.9299416874196,65.45134990453724
S12000023,2007,Orkney Islands,266.7832057868151,8.899552580539275,2.7066726164519816,251.0695871262904,0,4.1073934635333735
S12000048,2007,Perth and Kinross,1703.3405324136954,13.814865120709456,9.369962469935418,521.2842551457212,1144.4768997180274,14.394549959301951
S12000038,2007,Renfrewshire,2103.2087072558766,1.1421937640022786,1.9207047438621565,178.67907843836687,1918.0382799809377,3.4284503287076937
S12000026,2007,Scottish Borders,1613.4582722662728,28.925882815283032,8.211635392333058,608.9484831336532,947.6899378406588,19.682333084344826
S12000027,2007,Shetland Islands,235.07995084914032,9.054785271320146,2.928233778275943,218.79921749052238,0,4.297714309021833
S12000028,2007,South Ayrshire,1821.7856795404364,46.93914329657118,7.293366532283157,355.6990161572017,1403.5771994470958,8.276954107284551
S12000029,2007,South Lanarkshire,3711.7562256573,12.823001240721174,12.723994627753079,571.3410428964578,3099.2924198266346,15.575767065733674
S12000030,2007,Stirling,1835.0473631236798,6.342171934937692,6.045155177578018,212.91153636278955,1469.342703069252,140.4057965791227
S12000039,2007,West Dunbartonshire,985.3399926404433,0.35643520801894735,0.7408401828134963,62.59218603768697,920.6371708947235,1.0133603172004224
S12000040,2007,West Lothian,2211.990918044193,3.0620277608110995,7.011256828391204,218.08681863012347,1975.4401187439444,8.390696080923078
S12000033,2008,Aberdeen City,2941.1680907650466,26.57531908969454,23.152318800423807,379.6181695902968,2500.7662691133887,11.056014171242722
S12000034,2008,Aberdeenshire,2978.3258394952963,43.33947327844439,36.48995068466631,1399.6698340758376,1476.320314915165,22.506266541182985
S92000003,2008,All local authorities,90683.80822122327,1988.0226556491668,830.4377624252205,30794.615054546157,55703.16421892056,1367.5685296821596
S12000041,2008,Angus,1357.5913604990562,11.395602346679311,6.881093407869335,348.48230699935164,982.4470608414564,8.38529690369964
S12000035,2008,Argyll and Bute,1042.689862986564,26.919376101861197,8.737813151729704,477.4782117456846,517.2546350872236,12.299826900064945
S12000036,2008,City of Edinburgh,5478.249739045281,15.35504346577777,5.282707493340567,254.61067011309288,5194.27285019689,8.728467776179322
S12000005,2008,Clackmannanshire,1225.614577314763,1.6118248493559881,5.128299849724503,68.98534563631932,1147.580385351621,2.3087216277420493
S12000006,2008,Dumfries and Galloway,2355.0665516995896,42.6985807146007,37.65631653268835,956.2604297683108,1247.8111786441702,70.64004603981972
S12000042,2008,Dundee City,1719.6460571112943,0.2218391878520109,0.9496528854221111,175.9726055435824,1540.695242161054,1.8067173333838547
S12000008,2008,East Ayrshire,1751.8997247606412,40.70761212446956,7.746420953869815,223.70905498238335,1293.1554329239166,186.58120377600167
S12000045,2008,East Dunbartonshire,1139.6258770678867,1.604848966416445,2.6539092110064857,62.01871932051965,1070.80280076097,2.5455988089740225
S12000010,2008,East Lothian,1737.1998233285594,400.5518915980002,8.295887613709441,151.80300893931843,849.7129968920375,326.8360382854938
S12000011,2008,East Renfrewshire,936.7467637354714,1.0634500407658067,2.6383714215457497,39.20450026592084,890.8165610135151,3.023880993723875
S12000014,2008,Falkirk,17432.004236421228,3.1534213538704297,449.64195862412,15114.027058455744,1861.55707027999,3.6247277075052278
S12000047,2008,Fife,11804.671113457716,875.3327922474543,50.25554611503672,4902.166735202511,5960.4393853605,16.476654532216465
S12000049,2008,Glasgow City,6521.073261337263,1.408027088046074,5.4708236567107615,336.7556172612096,6174.328978509517,3.1098148217797283
S12000017,2008,Highland,3004.841512388922,84.95102484896128,24.722557870809005,1477.9115949412515,1206.7405240773137,210.51581065058656
S12000018,2008,Inverclyde,819.5109841100739,0.7526393465531087,2.1472198658685833,34.7153969492473,779.8547261393146,2.041001809090381
S12000019,2008,Midlothian,855.5485936073295,10.491016871058573,4.007035552859311,102.26574406932372,732.4237273971277,6.361069716960195
S12000020,2008,Moray,2106.292524252618,12.781412187853068,7.791861039400101,360.2918417561923,1717.5392732140008,7.888136055171488
S12000013,2008,Na h-Eileanan Siar,268.6718319694543,12.677162635293197,3.8476625165343328,246.64372954072334,0,5.503277276903388
S12000021,2008,North Ayrshire,3271.0713720441627,216.71956148111266,4.915967761307958,200.05338430997804,2681.7015581814867,167.68090031027737
S12000050,2008,North Lanarkshire,3972.3666250556257,4.686778081822857,53.02271572292806,385.02951026136526,3514.019023702868,15.608597286641547
S12000023,2008,Orkney Islands,260.5627212017734,9.49491956186629,3.059412449598315,244.89470495818557,0,3.113684232123191
S12000048,2008,Perth and Kinross,1661.371429277061,15.418761473707846,10.545294117927549,507.79429206893485,1117.2619571099724,10.35112450651825
S12000038,2008,Renfrewshire,2006.932500677056,1.1989517801796705,2.120735811591147,175.20062508078345,1826.0747184225402,2.337469581961636
S12000026,2008,Scottish Borders,1597.4657236749467,46.29632418701443,9.325745813779331,607.3954006337375,911.5399719602887,22.908281080126766
S12000027,2008,Shetland Islands,225.50960657068188,9.913991831976173,3.2673002679022027,208.68203121327437,0,3.6462832575291424
S12000028,2008,South Ayrshire,1782.9779309069552,44.17196042902994,8.778777319819614,356.2232822800309,1368.1607989836461,5.643111894428728
S12000029,2008,South Lanarkshire,3612.7684708481315,16.38217126223445,21.58675757643079,526.0205963392714,3036.190160628028,12.588785042166721
S12000030,2008,Stirling,1727.0733937994191,6.715407391916503,6.64335158761156,209.3735493961052,1299.3008899968454,205.04019542694044
S12000039,2008,West Dunbartonshire,950.4091308642595,0.35275261446623185,0.8833487333429821,57.80496577123837,890.6771688327678,0.6908949124440548
S12000040,2008,West Lothian,2138.8726160725005,3.078810219784808,12.79093682164046,203.55202144366672,1913.7301882229465,5.720659364461899
S12000033,2009,Aberdeen City,2704.7345806298654,32.69161651974324,16.398171818120204,340.4803078216179,2306.0395434388984,9.124941031485797
S12000034,2009,Aberdeenshire,2869.800921488952,61.60093816672602,24.58017150816356,1351.5989682571185,1409.5394340270495,22.48140952989458
S92000003,2009,All local authorities,83460.11646960813,1761.564408563443,858.715876135393,28427.28206919832,49651.38954988074,2761.1645658302273
S12000041,2009,Angus,1281.87669396468,14.25888773116295,4.106303815067262,336.7806971399447,918.7303400820595,8.000465196445582
S12000035,2009,Argyll and Bute,1004.5991376649896,34.30824539257887,5.571711282539256,460.28730093915317,494.1742365225847,10.257643528133622
S12000036,2009,City of Edinburgh,4995.551686725301,18.91170524361573,3.3962065208526804,223.3662278815154,4743.012623821638,6.864923257678747
S12000005,2009,Clackmannanshire,889.7833400391123,1.68110031541192,3.359551083201304,53.86123913253339,828.3907807201585,2.4906687878072296
S12000006,2009,Dumfries and Galloway,2151.425901765944,66.12763044134812,25.581676982282577,930.8325309534945,1063.3766667146626,65.50739667415623
S12000042,2009,Dundee City,1584.0486900960054,0.3048426327107563,0.4675765893980866,158.6140087525451,1422.5105266620835,2.151735459268099
S12000008,2009,East Ayrshire,1650.5803730398484,50.597647450323834,4.8840388451643495,213.113967030805,1201.7896187391148,180.19510097444044
S12000045,2009,East Dunbartonshire,1044.5162017708524,1.735681848922469,1.55538737293375,56.91390950779227,981.5650091418001,2.746213899403808
S12000010,2009,East Lothian,1508.0503440185184,283.95274968808553,5.209497296241288,148.61980440951996,792.4105968639449,277.8576957607268
S12000011,2009,East Renfrewshire,857.2069833234556,1.0808738644986504,1.3999464321136443,37.17736968729057,814.2866047422311,3.2621885973215132
S12000014,2009,Falkirk,16214.158708156696,3.3538693258826284,605.5234011932587,14092.609946254886,1508.7611041348678,3.910387247800824
S12000047,2009,Fife,9621.4345920131,811.8144360535468,35.32394699940712,4087.329385645233,4506.343440644034,180.62338267087983
S12000049,2009,Glasgow City,6016.1229979680265,1.4108798743039426,3.5361304891762906,290.02018769006685,5717.80090525198,3.3548946624994227
S12000017,2009,Highland,3009.0831305268002,99.32609402326443,15.44542162200275,1427.4327572489592,1175.7911573371255,291.0877002954482
S12000018,2009,Inverclyde,743.0090712655132,0.8195026724577151,1.2056047370067267,28.92442052969696,709.85769317374,2.201850152611736
S12000019,2009,Midlothian,800.7611905771423,14.257552716475423,2.331780840467129,97.32309837748072,681.3248333038845,5.523925338834523
S12000020,2009,Moray,1871.2635337251572,14.088899458326852,4.755537008584952,349.55701517562767,1494.812385592151,8.049696490466596
S12000013,2009,Na h-Eileanan Siar,260.94882824790204,14.991291720879854,2.472407094697862,238.88659794101488,0,4.598531491309403
S12000021,2009,North Ayrshire,3936.5728466799765,46.55898853259467,2.8700870189319923,195.01501519827508,2299.558884060486,1392.5698718696885
S12000050,2009,North Lanarkshire,3704.5503630562666,5.420447738981756,37.23309506827839,349.8045962921024,3294.1213882869692,17.970835669934743
S12000023,2009,Orkney Islands,255.94113452400316,11.580269679331995,1.9283769609923356,239.36620482725948,0,3.066283056419338
S12000048,2009,Perth and Kinross,1566.897676399905,18.314159693908174,6.4724685865185725,493.10465938791356,1038.341425546113,10.664963185451924
S12000038,2009,Renfrewshire,1866.4631404320885,1.286331841906065,1.156350823566318,150.68770417576428,1710.8110712913274,2.521682299524542
S12000026,2009,Scottish Borders,1512.7155943085945,57.575876845949026,6.084502082776709,591.6091031386676,841.5997019506023,15.846410290598863
S12000027,2009,Shetland Islands,220.33762066673032,13.015815358545408,2.1010034773702784,201.95638588875664,0,3.2644159420579717
S12000028,2009,South Ayrshire,1663.5397813860525,48.99789565880883,5.529981131078186,353.0881569421444,1249.8359102714662,6.0878373825550085
S12000029,2009,South Lanarkshire,3217.20493713399,19.37976205539471,14.834202633297032,497.06587325142385,2674.1845806096226,11.740518584251404
S12000030,2009,Stirling,1617.1647840180112,8.330881787781635,4.13571909953278,197.18441631040133,1207.2896184136107,200.22414840668466
S12000039,2009,West Dunbartonshire,850.2737194857646,0.39844769218403375,0.5178548011031463,52.85196802224027,795.7601055954036,0.7453433748334651
S12000040,2009,West Lothian,1969.4982970268647,3.390972851157925,8.747776214790871,181.8186868800462,1769.3693646126835,6.171496468186379
S12000033,2010,Aberdeen City,2710.319867336687,37.254794854849145,16.678079839618164,348.39516370403896,2298.262029936107,9.729799002073706
S12000034,2010,Aberdeenshire,2976.367627507901,67.78764533363446,25.46803710254659,1470.5031809750444,1383.789787690966,28.818976405709932
S92000003,2010,All local authorities,85811.00938784443,1672.124450665547,818.0302811480757,28170.068696437997,51555.616580263144,3595.1693793296804
S12000041,2010,Angus,1305.6262109519696,16.923164263198824,4.3314155629551765,358.639151201553,915.8617502439591,9.87072968030349
S12000035,2010,Argyll and Bute,1043.252133372552,40.60222424869629,5.93256801058846,512.3261778754525,473.3218665360406,11.069296701774007
S12000036,2010,City of Edinburgh,5021.847707637592,24.166771556092534,3.5572216173965603,230.48900353532613,4756.735429762916,6.899281165860588
S12000005,2010,Clackmannanshire,1183.059804076401,1.6805956711199996,3.771187470603234,60.24605090937422,1113.9800033977651,3.3819666275382025
S12000006,2010,Dumfries and Galloway,2329.4252177420385,74.2626151669976,28.74403008407397,982.1265615077242,1176.4136831724784,67.87832781076438
S12000042,2010,Dundee City,1537.9371012928198,0.3043369748382291,0.4726375273615124,162.25189003939832,1372.1946345407896,2.7136022104322954
S12000008,2010,East Ayrshire,1643.703625476625,68.16174638218982,4.98771849921538,222.91827352889794,1169.8824529488854,177.7534341174363
S12000045,2010,East Dunbartonshire,1037.5669775314766,1.7665933166078516,1.6330284266565886,60.15183093972797,970.2865652058356,3.728959642648698
S12000010,2010,East Lothian,1597.9913567056215,327.3481462826366,5.711295546445271,158.5923936041231,795.2389047023009,311.10061657011545
S12000011,2010,East Renfrewshire,848.181725241723,1.111600108684887,1.4454322689771644,38.45409906466763,802.7410152230074,4.4295785763859765
S12000014,2010,Falkirk,15248.155472252423,3.27728351762035,550.7258762493555,12922.353341497583,1766.4892327684825,5.309738219380385
S12000047,2010,Fife,11024.561492728477,659.1068487136376,36.50399551123625,4290.2662294513475,6011.040588689696,27.643830362558326
S12000049,2010,Glasgow City,5906.227464011785,1.4726189589500411,3.7075774932814167,295.86772811852165,5600.624079190654,4.555460250377661
S12000017,2010,Highland,3724.444513402492,104.14586665160604,16.49078694000826,1559.089457070088,1194.8043339489227,849.9140687918665
S12000018,2010,Inverclyde,738.0103600118642,0.7745190657064832,1.2619832552178267,29.34389101132813,703.6401735485583,2.9897931310534465
S12000019,2010,Midlothian,814.346635910269,18.541838244442747,2.419758497697794,105.27933485924352,681.8757241843705,6.229980124514552
S12000020,2010,Moray,1943.1871651658478,14.24787688145604,5.067789499113932,376.1918625167741,1537.1861230578688,10.4935132106347
S12000013,2010,Na h-Eileanan Siar,289.09666763703973,17.732761767653454,2.62777144007155,263.7627046207167,0,4.973429808598008
S12000021,2010,North Ayrshire,4146.3379609709345,8.610900530122663,3.06905490696761,221.82796928143514,2174.700065778763,1738.1299704736464
S12000050,2010,North Lanarkshire,3503.693382742371,5.6038510869403355,39.95742502624277,357.7329451637358,3077.3256487521394,23.073512713313104
S12000023,2010,Orkney Islands,270.80401859618337,12.166095905682187,2.066244592854209,252.68607824307244,0,3.8855998545745423
S12000048,2010,Perth and Kinross,1599.6427791475721,17.43632827847695,6.910488251615892,533.8902996469367,1027.4007070813511,14.004955889191487
S12000038,2010,Renfrewshire,1882.0983338924993,1.239396196449185,1.2025882647186508,151.0047712067929,1725.2274995743621,3.424078650176524
S12000026,2010,Scottish Borders,1576.2175873357983,76.75497000254133,6.31317623408234,636.9320194275876,843.1187402734038,13.098681398183157
S12000027,2010,Shetland Islands,236.15005869753514,14.724513347745477,2.2630951784038253,215.36520132405957,0,3.7972488473262653
S12000028,2010,South Ayrshire,1654.5277432744103,20.34439628248634,6.070266290506293,362.3264166016072,1257.5202646864632,8.266399413347239
S12000029,2010,South Lanarkshire,3265.0065559753284,23.069846751728676,14.94715597250524,535.9683196379357,2676.826537651795,14.194695961363664
S12000030,2010,Stirling,1730.8107606121664,7.730389169165016,4.486369119569125,211.1088081628823,1293.0674346103365,214.41775955021345
S12000039,2010,West Dunbartonshire,878.3797531243376,0.36673398318916633,0.5614823000136798,54.518147560163925,821.9213211789837,1.0120681019872433
S12000040,2010,West Lothian,2144.0309009123253,3.407159087127124,8.644754665471822,189.45900001214102,1934.1399906398215,8.379996507763863
S12000033,2011,Aberdeen City,2776.5639585418226,34.95304195442076,19.58880551875486,314.87950054942564,2391.4936816993268,15.648928819894792
S12000034,2011,Aberdeenshire,2761.0358582761282,67.2981090284778,27.14386790739429,1242.2405032390875,1394.9090795781005,29.44429852306841
S92000003,2011,All local authorities,83118.51960247594,1649.3899880033593,807.5621459112415,27517.483006760103,49491.06348098535,3653.020980815883
S12000041,2011,Angus,1234.1574932541278,16.660328105837145,4.219858049681703,307.82652652565304,894.4333890186896,11.01739155426621
S12000035,2011,Argyll and Bute,971.3479992005662,39.361906389771534,5.787585500833998,444.1135566799369,465.5626593595292,16.522291270494456
S12000036,2011,City of Edinburgh,4900.163049093658,21.97499683228014,3.4569111074006798,214.68289372146384,4648.396303429408,11.651944003105168
S12000005,2011,Clackmannanshire,1155.3971366287453,1.674934473759056,4.277846691823657,41.19847954814013,1105.24860417399,2.997271741032596
S12000006,2011,Dumfries and Galloway,2240.1179090442156,66.50603209933828,32.66480212728331,879.6866417817891,1176.4121621140978,84.84827092170715
S12000042,2011,Dundee City,1535.384444483646,0.35793531186371014,0.4936119574680928,155.62867343648807,1377.3405312424213,1.5636925354046958
S12000008,2011,East Ayrshire,1572.1026242664816,61.19842825265665,4.85481164674444,205.363841074614,1106.8723728951852,193.81317039728137
S12000045,2011,East Dunbartonshire,992.7204655638831,1.7187800022991515,1.6226935155240843,53.318377652716606,932.755819520344,3.304794872999196
S12000010,2011,East Lothian,1528.602475537524,390.3964123714229,6.058936455221559,133.94972427370905,743.6406243120031,254.55677812516734
S12000011,2011,East Renfrewshire,817.9748854914783,1.0985656754749333,1.464673997312782,35.12568396761995,776.3602423610195,3.9257194900512653
S12000014,2011,Falkirk,16547.07583472436,3.277415113723499,515.6542720402556,14282.368696818055,1741.0696890538393,4.705761698484418
S12000047,2011,Fife,9595.99738024062,596.1096283386183,41.89506858529595,3691.2730278638724,5240.871143452987,25.848511999845535
S12000049,2011,Glasgow City,5680.7647363559245,1.4543747483193894,4.138232460994979,257.88814608466066,5413.246701025406,4.037282036542891
S12000017,2011,Highland,3532.8779487926413,105.6123765627645,16.0381555406993,1335.9986554139464,1195.764588456571,879.4641728186604
S12000018,2011,Inverclyde,711.7622436528587,0.7823632887242457,1.3552455153606868,26.653617756015326,680.3213095652998,2.6497075274586717
S12000019,2011,Midlothian,763.5947135991221,18.621174300597847,2.387763368885436,90.39455915233182,643.7649989453378,8.426217831969256
S12000020,2011,Moray,1923.719436449705,13.806810624999107,4.890662444508312,321.312135993443,1573.41138259435,10.298444792404776
S12000013,2011,Na h-Eileanan Siar,244.88814435576614,16.747293894109227,2.5075070856022026,218.32074453575848,0,7.3125988402962605
S12000021,2011,North Ayrshire,3952.4675985409217,10.379213343785686,3.1921831953154047,177.66711783458277,2066.363425598197,1694.865658569041
S12000050,2011,North Lanarkshire,3402.820501365639,5.835262582229839,47.31739593259408,313.82254012953393,2975.7505826866814,60.09472003459934
S12000023,2011,Orkney Islands,249.5864456474142,12.552122175667993,1.9745763738581268,230.98068477919796,0,4.079062318690125
S12000048,2011,Perth and Kinross,1480.4992201046855,17.337761034506286,6.655016188888803,460.61860761152576,982.3865922229445,13.50124304682014
S12000038,2011,Renfrewshire,1791.7451919652976,1.2458432009147935,1.206037724614143,139.6089185470841,1646.649798754963,3.0345937377214383
S12000026,2011,Scottish Borders,1442.1286745563043,69.15463970598191,6.138420180028194,557.5964423646681,778.3855483271304,30.85362397849564
S12000027,2011,Shetland Islands,215.34603145831218,14.98102684330689,2.2281823284729567,193.31906063108246,0,4.817761655449863
S12000028,2011,South Ayrshire,1597.6394841170172,25.384233674724918,6.577591841981068,329.8292645910367,1228.522287781042,7.32610622823239
S12000029,2011,South Lanarkshire,3080.5370945627355,21.509843206241676,16.798158534162464,464.44772288910724,2561.207079153097,16.574290780127082
S12000030,2011,Stirling,1661.1752528899797,7.544216161403773,4.5594213702367545,183.5172227164652,1228.0412138081506,237.51317883372346
S12000039,2011,West Dunbartonshire,849.0839608073792,0.37084324939314994,0.6243066282780858,47.74404955035932,799.4478148096674,0.8969465696811678
S12000040,2011,West Lothian,1909.2424102588204,3.4840734041064065,9.789544140913595,166.10815554606938,1722.4338551307114,7.4267820370197315
S12000033,2012,Aberdeen City,2860.1516445951715,38.480671868650006,21.32371503085956,325.52262773200397,2456.3011705249764,18.523459438681595
S12000034,2012,Aberdeenshire,2738.480395249323,65.19403684942615,29.8073426481792,1227.477627352097,1381.8250100702244,34.176378329396314
S92000003,2012,All local authorities,82668.67644947814,1459.8124671009114,840.5631688636564,27566.468241325336,49012.41895894513,3789.413613243104
S12000041,2012,Angus,1279.3121183387393,17.281340097326527,4.769433343708515,306.85775604938044,937.9868094094707,12.416779438853265
S12000035,2012,Argyll and Bute,964.1519325912737,42.047159561900436,6.422148860911127,423.6515031059824,475.0631549636944,16.96796609878541
S12000036,2012,City of Edinburgh,4905.735492370843,25.85088747021322,3.7825425306057627,223.1632732465101,4641.246800572791,11.691988550722611
S12000005,2012,Clackmannanshire,1133.2012654176378,1.5760368196647077,5.021868854726146,51.4731976325067,1071.4688156599943,3.6613464507460565
S12000006,2012,Dumfries and Galloway,2190.618231292443,73.18439758221653,38.83003930132102,887.3747849179929,1123.4644957467967,67.7645137441158
S12000042,2012,Dundee City,1538.4030462521791,0.5558871029025231,0.6122538295760755,154.27171493042923,1381.0536973547305,1.9094930345407863
S12000008,2012,East Ayrshire,1580.707075952083,73.77618735081056,5.391958564221857,203.0662074719354,1106.4332932313087,192.03942933380637
S12000045,2012,East Dunbartonshire,984.2615631716163,1.652753218864943,1.8518595387221648,52.832331451836474,923.8876148996594,4.037004062533375
S12000010,2012,East Lothian,1517.3307136843043,395.15360170354006,7.030896128244844,138.99334471022266,767.8794088926602,208.27346224963654
S12000011,2012,East Renfrewshire,805.3487355546613,1.0490574237887824,1.750020036995412,35.36794299032468,762.3862149377323,4.795500165820116
S12000014,2012,Falkirk,16218.086758049942,3.086818606921984,513.890001615313,13997.346648110566,1698.014920988383,5.748368728756909
S12000047,2012,Fife,9387.811261816329,366.44590643020723,45.611892055273806,4061.7486389768783,4816.333766264237,97.67105808973315
S12000049,2012,Glasgow City,5610.093243396681,1.389202840626241,4.662978610511596,265.39829622059136,5333.710985161657,4.931780563294891
S12000017,2012,Highland,3482.025867356314,102.98187407906423,17.84545125978035,1319.9127519081703,1085.505823058747,955.779967050552
S12000018,2012,Inverclyde,706.5933196437902,0.7349137299411497,1.6089193819864365,28.78587814729425,672.2268325732538,3.2367758113145833
S12000019,2012,Midlothian,766.2645919912392,19.289864727387386,2.737393423616887,88.81041070232332,646.4670704200947,8.95985271781684
S12000020,2012,Moray,2094.5737571367667,13.880916832006326,5.463090102970597,325.57409662791383,1737.5338029127622,12.121850661113854
S12000013,2012,Na h-Eileanan Siar,243.47894855070643,18.242029209462032,2.741098761707549,214.8963206741294,0,7.5994999054074315
S12000021,2012,North Ayrshire,3957.293204604405,8.436831350907982,3.7326196653430666,172.69077217908014,2047.5217703470046,1724.9112110620695
S12000050,2012,North Lanarkshire,3373.2113712654436,7.0003372827873935,53.39937957833969,311.76853370355644,2933.077000240726,67.96612046003344
S12000023,2012,Orkney Islands,246.6414073577183,11.826650515102902,2.1730467422306514,227.9505463265873,0,4.691163773797447
S12000048,2012,Perth and Kinross,1524.13613400906,17.062286896029082,7.413147446513179,467.7490782267944,1015.9190258479548,15.992595591768657
S12000038,2012,Renfrewshire,1808.6125073611556,1.173914057866948,1.421769644767047,148.44412249220724,1653.865763858599,3.7069373077154215
S12000026,2012,Scottish Borders,1486.0939649907089,82.86159213614113,6.740811545288156,564.8837477986378,802.7512220570895,28.85659145355227
S12000027,2012,Shetland Islands,210.50980130920314,14.73523992625699,2.4842728581153084,188.07174293732098,0,5.218545587509874
S12000028,2012,South Ayrshire,1506.0768307474495,20.156326668637583,7.651047404772475,283.2110221060914,1186.1091583799323,8.949276188015942
S12000029,2012,South Lanarkshire,3121.0476701545954,23.85799880576986,18.037530063145013,466.5028444255215,2594.2360659006836,18.413230959474994
S12000030,2012,Stirling,1646.8725409070787,7.295840207464476,5.22268911662307,183.4902107356742,1222.630239464427,228.23356138289
S12000039,2012,West Dunbartonshire,842.6296917513641,0.3400504907579162,0.7477024715002286,48.674384973134565,791.7718800915586,1.0956737244129184
S12000040,2012,West Lothian,1938.921233550409,3.2118066114810553,10.384252868735226,170.50577529587,1745.7471416161625,9.072257158160214
S12000033,2013,Aberdeen City,2659.4874026388875,50.54802467335129,21.878316231921527,292.01728660517637,2268.7790133395933,26.264761788845114
S12000034,2013,Aberdeenshire,2719.476890864437,68.48424500444027,30.320964630239736,1211.4798820804644,1370.1321311242161,39.059668025076405
S92000003,2013,All local authorities,79854.46283563394,1432.8342355342284,906.3716549691045,25931.000186177873,47210.28298598826,4373.973772964473
S12000041,2013,Angus,1247.166241626803,20.688939171069823,5.2165904596949915,299.0673039668609,908.2012947688484,13.992113260328791
S12000035,2013,Argyll and Bute,955.394574684068,53.270065931797625,8.028937572422077,414.9785020304033,460.7986280204161,18.31844112902879
S12000036,2013,City of Edinburgh,4811.3614071921775,35.777077245763856,5.151992081372269,204.1870668528633,4553.86417795985,12.381093052327628
S12000005,2013,Clackmannanshire,1110.0842619026303,1.5483355196565232,4.8006536826046355,36.39892847124701,1063.0541691698036,4.282175059318547
S12000006,2013,Dumfries and Galloway,2173.1987180932288,90.79094235411199,40.16817336402892,872.5944022885207,1139.3753083572124,30.26989172935489
S12000042,2013,Dundee City,1483.2019356493927,0.22721866462170934,0.5418642769381409,141.47362916433323,1338.738497326617,2.22072621688247
S12000008,2013,East Ayrshire,1580.611913294409,105.28167629793448,9.629273890017895,193.23180832316442,1080.036799828811,192.4323549544814
S12000045,2013,East Dunbartonshire,957.5325973703551,1.593945133620566,1.7855499312095695,47.80350850760843,901.6280631399098,4.72153065800667
S12000010,2013,East Lothian,1537.6930238757016,381.40582478487516,6.804021312444529,137.36418238935386,746.1722474744747,265.9467479145532
S12000011,2013,East Renfrewshire,788.4924870735401,1.007018471633638,1.6120941512286662,33.725555062827254,746.5391797366116,5.608639651238922
S12000014,2013,Falkirk,15114.852837375647,3.0275768740501947,566.9957436017875,12919.286463897995,1618.8199736077127,6.7230793941021005
S12000047,2013,Fife,8437.041904143904,205.25084044370402,44.14358795972726,3874.7145638835414,3904.8438907607015,408.08902109622915
S12000049,2013,Glasgow City,5355.31632674874,1.3334117759019193,4.438881600358338,225.43480861763194,5118.341196816839,5.768027938008311
S12000017,2013,Highland,3459.5019733701133,112.05390155068115,19.211284056056876,1282.9591564600266,1087.64385627655,957.6337750267986
S12000018,2013,Inverclyde,701.022335388291,0.7229571141048685,1.4872365261120433,25.39722470838023,669.6293040756598,3.7856129640340774
S12000019,2013,Midlothian,755.6183878829731,23.507621204047386,3.345414660437069,84.95942070704236,634.005337016928,9.800594294518243
S12000020,2013,Moray,2182.157353387767,15.679189906272871,5.6511595624342545,320.0820090555163,1786.9508656158782,53.794129247665445
S12000013,2013,Na h-Eileanan Siar,252.4300239914377,23.632934572647713,3.4860766145717674,217.10143637345044,0,8.209576430767783
S12000021,2013,North Ayrshire,3722.306212599941,6.705498619164427,3.5414373674876782,162.44989411830093,1983.6228980687301,1565.986484426258
S12000050,2013,North Lanarkshire,3366.2976770061305,5.276395670864874,50.99436482399039,279.4849596552007,2988.46818926436,42.07376759171491
S12000023,2013,Orkney Islands,248.10109201926602,12.953292183811573,2.3404706045464123,227.46914321378216,0,5.338186017125848
S12000048,2013,Perth and Kinross,1525.9981366830534,19.197312513536012,7.625336073417179,459.858297683613,1020.8672878531174,18.449902559369754
S12000038,2013,Renfrewshire,1740.2229249582629,1.150586258414949,1.328648958131671,134.75076666085377,1598.6574265756615,4.3354965052008625
S12000026,2013,Scottish Borders,1494.2006597515608,117.5318731515961,11.506678545716074,556.5069489888228,779.400736200512,29.254422864913895
S12000027,2013,Shetland Islands,212.32623474847873,16.936281098886283,2.8442374801853583,186.7815572518161,0,5.764158917590979
S12000028,2013,South Ayrshire,1588.6886789047874,14.985995809035932,7.346152574337385,275.10651489988874,1280.783273769957,10.466741851568226
S12000029,2013,South Lanarkshire,3020.189684449324,31.17398719395431,18.34777070508776,439.40759860447247,2510.6578561784436,20.60247176736592
S12000030,2013,Stirling,1961.6043425980845,7.635151702831372,5.1661901806818795,178.89098747375917,1179.4040443310714,590.5079689097406
S12000039,2013,West Dunbartonshire,818.0556934794772,0.3479070117931265,0.6961417251770828,43.35625090654455,772.3739344319558,1.2814594040065947
S12000040,2013,West Lothian,1874.696817381787,3.1081971726423028,9.936364079201915,152.680053426987,1698.3616269781155,10.610575724840166
S12000033,2014,Aberdeen City,2674.511273119583,48.71803512037262,22.105587809631775,310.4346528248067,2254.2125951568014,39.04040220797061
S12000034,2014,Aberdeenshire,2678.904641891554,65.57784468932226,29.882770063516418,1180.8565612344755,1359.5523297064346,43.03513619780541
S92000003,2014,All local authorities,78222.07377757864,1191.7936940118652,909.5102923428761,24212.122293660494,46653.68862495903,5254.958872604367
S12000041,2014,Angus,1233.8581101771185,18.940725646349502,5.333396369857533,294.0151787007845,898.7130318692562,16.855777590870858
S12000035,2014,Argyll and Bute,936.144104692477,51.15157785145834,8.07806294086513,416.7228469808815,432.2331518652368,27.95846505403523
S12000036,2014,City of Edinburgh,4733.854765791688,32.91755558214427,5.085624513755403,201.81739669011586,4473.2869721509805,20.747216854691484
S12000005,2014,Clackmannanshire,1069.2370121467613,1.3644216782330252,5.504374516663604,36.2804794149349,1022.0768980777958,4.0108384591340975
S12000006,2014,Dumfries and Galloway,2138.613191496671,84.81322512616227,45.14002718835306,855.8415621256515,1107.9042613307483,44.91411572575565
S12000042,2014,Dundee City,1403.7335618439533,0.19037115847328792,0.6195809315890068,72.52637013900562,1328.316852065504,2.0803875493812973
S12000008,2014,East Ayrshire,1632.7326621311697,97.28415920131495,9.580988805584402,198.057140229658,1050.0716593283819,277.73871456623044
S12000045,2014,East Dunbartonshire,980.336753121122,1.9603601679750144,1.848656290075002,51.28970233307152,920.8156799584527,4.422354371547698
S12000010,2014,East Lothian,1580.730921653217,366.7978966456177,7.460875999990665,131.62392279128065,719.4495543389432,355.39867187738474
S12000011,2014,East Renfrewshire,778.8004845007839,0.8599800957590226,1.7657071986794473,34.26059244155502,736.6609521119069,5.253252652883533
S12000014,2014,Falkirk,12021.29214561857,2.6657622039645505,557.0222815748574,9903.81239974918,1551.494625837869,6.297076252698899
S12000047,2014,Fife,10097.81889272687,22.358579792876867,44.79383947901684,5278.158363568692,3763.2034568949875,989.3046529912956
S12000049,2014,Glasgow City,5399.112895929795,1.1385649927705528,4.697898773737197,248.08824747482657,5139.785643009019,5.402541679441928
S12000017,2014,Highland,3512.5053665345226,111.88178419191686,19.3726383212627,1240.2247213015576,1150.494588291285,990.5316344285008
S12000018,2014,Inverclyde,669.3230275184565,0.6520004591728467,1.655054418222736,26.194913144237308,637.2753186933434,3.5457408034801485
S12000019,2014,Midlothian,747.9086114760544,21.410277300073357,3.4481661308846876,85.71564764435747,623.3545960581066,13.979924342632293
S12000020,2014,Moray,2239.301122253607,18.21684560253092,5.72008573764252,316.0422200659749,1839.7157267065954,59.606244140863396
S12000013,2014,Na h-Eileanan Siar,242.92264114194603,22.289969797851562,3.44050278256754,204.70244832665603,0,12.489720234870912
S12000021,2014,North Ayrshire,3903.0911619304334,5.83289847750026,3.876467522182513,169.67957614074902,2146.8645249561228,1576.837694833879
S12000050,2014,North Lanarkshire,3344.2527032809917,4.619437997200046,55.51064702241663,297.0603464108454,2961.6260403649244,25.4362314856053
S12000023,2014,Orkney Islands,246.50890393671074,12.783904452407654,2.329473234397321,225.34551672821277,0,6.05000952169299
S12000048,2014,Perth and Kinross,1489.5044377194336,20.229591446641948,7.696434917244583,444.8047065470097,997.692739725892,19.080965082645438
S12000038,2014,Renfrewshire,1659.0051393702936,1.0156070195227704,1.4329412885010229,141.10499427046457,1511.3908155534282,4.0607812383771
S12000026,2014,Scottish Borders,1484.9262815383788,108.8826732615268,11.408438615692265,540.6767389713253,764.7554582097758,59.20297248005869
S12000027,2014,Shetland Islands,214.56999055547502,15.787921288980497,2.889790589248536,188.09319273980557,0,7.79908593744039
S12000028,2014,South Ayrshire,1571.9830275068307,11.616507998675457,8.159713228908224,289.04083542176613,1253.3624458781278,9.803524979352948
S12000029,2014,South Lanarkshire,2972.716915308222,28.905179369075523,17.93648451650865,445.69136142987844,2454.286414361522,25.897475631237036
S12000030,2014,Stirling,1963.474289717959,7.396583214403906,5.46946402257951,176.79443958358445,1186.7749510127878,587.0388518846032
S12000039,2014,West Dunbartonshire,781.2611314200974,0.3234113113325162,0.8013708530012564,45.8088085222693,733.1272799812039,1.200260752290486
S12000040,2014,West Lothian,1819.137779176221,3.210063493345259,9.442967215436784,161.35644237135617,1635.1900614636004,9.938244632482531
S12000033,2015,Aberdeen City,2698.831356843467,30.32920794895972,15.329503480959659,341.39416966708995,2266.1509132539695,45.62756249248823
S12000034,2015,Aberdeenshire,2677.2250866528598,47.02868046402602,26.310537208605517,1209.4001490323785,1339.9598112171204,54.5259087307295
S92000003,2015,All local authorities,75903.6261882538,958.9762048391444,868.8060366093673,24544.74709823704,45435.873674692935,4095.223173875306
S12000041,2015,Angus,1233.3314944343203,13.746705326956416,5.021144008338446,307.07436929839565,885.6632256921437,21.826050108486303
S12000035,2015,Argyll and Bute,932.5641141284104,33.356949493537655,6.409290047250661,418.050460269666,436.78715251575824,37.960261802197884
S12000036,2015,City of Edinburgh,4666.1562412998,25.054932589047013,3.8478343494467993,223.70625701296427,4384.9421168969475,28.605100451394435
S12000005,2015,Clackmannanshire,1017.9425600674786,1.158026746068663,3.5960563583076732,39.563560735528064,968.7738489879321,4.851067239642147
S12000006,2015,Dumfries and Galloway,2107.5496837287337,65.06943860078687,28.13068129281516,882.2069354709247,1071.8000507635634,60.34257760064348
S12000042,2015,Dundee City,1426.3573782074575,0.17932613134372058,0.6811740972101685,82.12126279058543,1340.8281374106696,2.5474777776484254
S12000008,2015,East Ayrshire,1559.782539130108,72.51288788501701,5.658408436775204,208.43800926845057,999.9774530896298,273.19578045023553
S12000045,2015,East Dunbartonshire,938.8559830066094,1.3796670535894533,1.9317251370178785,56.0757516183714,874.1200477095198,5.348791488111019
S12000010,2015,East Lothian,1392.641107676648,388.9721414756874,6.008011124388984,140.40705238355253,706.7755496658492,150.47835302716993
S12000011,2015,East Renfrewshire,772.2498412850699,0.8657210492589447,1.905043403953309,36.61061195316107,726.5147110425418,6.353753836154933
S12000014,2015,Falkirk,13022.901290645681,2.2935278187084682,600.9743397965515,11112.89764998765,1299.1195250299902,7.616248012781147
S12000047,2015,Fife,7974.885056216819,13.019763129640623,33.60461377384574,4023.869153516276,3684.6286004439216,219.76292535313533
S12000049,2015,Glasgow City,5250.115496078806,1.1462893428653484,3.767552370296335,291.1961649641849,4947.471171689867,6.534317711591725
S12000017,2015,Highland,3442.9111718443755,71.97553380571063,18.132026566367223,1261.0984743222382,1166.377587172386,925.3275499776735
S12000018,2015,Inverclyde,663.230619151228,0.5402114330851735,1.5237848575621222,29.15677666222833,627.721309970709,4.28853622764349
S12000019,2015,Midlothian,743.7295782928559,14.191486719108466,2.913689947426321,90.36493522305105,617.5087650573125,18.750701345957587
S12000020,2015,Moray,2103.3136167943144,11.105167151983308,5.701730790138243,318.46889599475327,1710.625438270899,57.41238458654077
S12000013,2015,Na h-Eileanan Siar,241.28880775106654,14.719517532208442,2.826673511117692,206.79430161227876,0,16.948315095461673
S12000021,2015,North Ayrshire,3622.6038760255706,2.857764252243283,3.5331357867640376,180.9856121247739,2049.2657768739487,1385.9615869878405
S12000050,2015,North Lanarkshire,3277.442007650027,4.041174961781138,35.50249325220697,327.51526829943566,2884.742551239112,25.64051989749136
S12000023,2015,Orkney Islands,243.64320648268807,5.80213525181642,2.2459216840565266,227.8747602258545,0,7.720389320960626
S12000048,2015,Perth and Kinross,1472.738912737979,12.33095039675956,7.721581445932391,457.46996302613235,971.4473904916683,23.769027377486523
S12000038,2015,Renfrewshire,1654.5279327116084,0.8719978880245758,1.535154272764923,153.60484466640153,1493.6044637140644,4.911472170352941
S12000026,2015,Scottish Borders,1458.3863963501637,81.20850706088737,6.821044426815706,558.0261842227637,728.5211770342416,83.80948360545531
S12000027,2015,Shetland Islands,211.52128017532755,9.089032840815472,2.4074626992483674,189.67080705213488,0,10.35397758312885
S12000028,2015,South Ayrshire,1556.1452361350516,5.803722587706587,6.26067297261047,292.02399022595915,1240.1995896125484,11.857260736226994
S12000029,2015,South Lanarkshire,2921.822220543315,20.488824632308265,14.501509615067189,475.37978360449483,2377.596448189959,33.855654501485375
S12000030,2015,Stirling,1881.88712911985,5.519025293691389,4.8906012843390565,179.6185284450577,1146.2907810930087,545.5681930037532
S12000039,2015,West Dunbartonshire,768.6701110656081,0.19140227302970975,0.6243268863057063,50.44284112583602,715.9598379792985,1.4517028011381616
S12000040,2015,West Lothian,1811.442085652521,2.1265006410487484,8.488290601650291,173.23861041598798,1615.5684805774863,12.020203416347535
S12000033,2016,Aberdeen City,2628.7571419079227,24.851268275932313,8.54357529809154,337.0807238728724,2216.9015036685432,41.38007079248295
S12000034,2016,Aberdeenshire,2699.6068986757723,43.157224596479885,20.691736753376695,1219.2953405010903,1356.4830426085746,59.97955421625072
S92000003,2016,All local authorities,76803.31094454712,1039.1260492985286,809.9226798990859,25705.558850874848,45154.48263625831,4094.2207282163367
S12000041,2016,Angus,1205.7920904992845,12.356044177563275,4.898019198775297,309.1133919072628,855.6427767359081,23.781858479775238
S12000035,2016,Argyll and Bute,929.7334088531037,34.04290160206542,6.069059606005454,413.4032701580308,435.6884578531738,40.52971963382814
S12000036,2016,City of Edinburgh,4629.410758287926,21.03242508488317,3.6880095605976435,222.08037747401065,4352.265393097489,30.34455307094516
S12000005,2016,Clackmannanshire,1063.0048525449356,1.1498884596289842,2.242267390527449,39.1773013970209,1014.9875067684577,5.447888529300685
S12000006,2016,Dumfries and Galloway,2159.8004420552757,44.41315835622974,17.159071227139325,904.7069176236441,1128.9351380714238,64.58615677683852
S12000042,2016,Dundee City,1423.347337450992,0.19126790788849848,0.6577927397191525,80.7778608947208,1338.8876669839028,2.8327489247609368
S12000008,2016,East Ayrshire,1437.3874746084643,59.8772991809473,5.522961961328986,209.41838342803254,999.7246513084865,162.8441787296689
S12000045,2016,East Dunbartonshire,942.496839981165,3.024349927416396,1.8432749002241446,54.41933059752307,877.2030374313056,6.006847124695776
S12000010,2016,East Lothian,1437.0163543228416,517.8248445393739,4.793333218613108,135.45595071664076,718.4296632079866,60.51256264022735
S12000011,2016,East Renfrewshire,777.8851104123992,0.8588515981979956,1.8468979652225965,36.806820010518585,731.2370915070572,7.135449331402783
S12000014,2016,Falkirk,13902.252860930428,2.273937812529855,613.1309527985185,11971.658904974242,1306.6357988335785,8.553266511559492
S12000047,2016,Fife,8235.937715860748,13.610701024381093,20.244697238249103,4320.452611800208,3675.814622475507,205.8150833224043
S12000049,2016,Glasgow City,5076.65380523399,1.1371544999629264,2.6807849262324517,270.77718479440443,4794.72045414786,7.338226865530011
S12000017,2016,Highland,3404.0588374710514,69.68316199016661,17.34511835789123,1258.2417362995473,1083.1748859407603,975.6139348826862
S12000018,2016,Inverclyde,647.4378260435457,0.5673199919577889,1.3067614268949204,28.582147804879888,612.1654468590568,4.816149960756307
S12000019,2016,Midlothian,766.8087286343168,11.970782566434453,2.8364363950490974,89.67506295211973,642.2025340685717,20.123912652141776
S12000020,2016,Moray,2137.434561968017,20.536909168376983,5.570979718565944,317.945752040048,1710.5316480795288,82.84927296149766
S12000013,2016,Na h-Eileanan Siar,257.43171617879636,13.326984139483333,2.768139012753965,208.36201884886418,14.874793397014987,18.099780780679914
S12000021,2016,North Ayrshire,3737.9477625789614,3.9310734555080113,3.1045992635472377,176.91175770849185,2095.637728849845,1458.3626033015687
S12000050,2016,North Lanarkshire,3103.2906733132318,3.962276260262715,17.751726442674578,319.66187707985426,2733.3469579296107,28.56783560082951
S12000023,2016,Orkney Islands,251.70928342107132,6.671049024418812,2.1984758184850186,234.37377823372086,0,8.465980344446638
S12000048,2016,Perth and Kinross,1480.9852190563315,19.043436987453365,7.547343038916587,460.28327670765384,967.7679845015631,26.34317782074467
S12000038,2016,Renfrewshire,1670.9951724165871,0.8620102203391318,1.4905144889652682,154.73571763244172,1508.3912051425878,5.515724932253364
S12000026,2016,Scottish Borders,1497.9480852126896,68.58993677833458,6.538354403089832,569.6880789713116,765.1967842815063,87.93493077844724
S12000027,2016,Shetland Islands,213.8525688086507,7.985241236512069,2.221961441143376,192.4843834089478,0,11.160982722047432
S12000028,2016,South Ayrshire,1537.8963574424313,5.150497368452174,4.733852135265325,301.06529447361265,1213.63066730941,13.316046155691124
S12000029,2016,South Lanarkshire,2882.519885012691,17.508628195312006,9.915044234120586,470.54375157297784,2347.8153748797686,36.737086130511805
S12000030,2016,Stirling,1941.4725414965442,5.867683741936704,4.306151661265979,180.31254620963506,1176.8902886595624,574.095871224144
S12000039,2016,West Dunbartonshire,738.8653528487092,0.19075608772769728,0.4730323520788074,49.161570012646656,687.4096901745961,1.6303042216598973
S12000040,2016,West Lothian,1837.6021285381028,3.4769621580221868,5.8017461660247545,168.90537219117837,1645.919013171088,13.499034851789467
S12000033,2017,Aberdeen City,2721.383925014929,23.002957110009945,10.586711422798935,358.9404215302673,2264.067394763061,64.78644018879125
S12000034,2017,Aberdeenshire,2715.8057999176303,42.27987355731283,22.74032926840274,1204.1072449026303,1375.9036358123606,70.7747163769238
S92000003,2017,All local authorities,79631.2969973435,1005.8216047222807,789.5266369391021,27316.95830679014,46049.37124036181,4469.619208530158
S12000041,2017,Angus,1237.2465097629322,11.34400533285274,5.4485664808750185,305.1105951483999,885.6756980397486,29.667644761055847
S12000035,2017,Argyll and Bute,953.0175660937252,31.98539572567966,6.707077251948863,407.06658518819256,450.76225288512273,56.4962550427814
S12000036,2017,City of Edinburgh,4824.378697077204,18.933469392151007,4.086721118452286,235.34083222542017,4522.286515003347,43.73115933783507
S12000005,2017,Clackmannanshire,1105.0784292792443,1.1277410735769766,2.701114856744223,42.32548726628292,1053.2843802363304,5.639705846309658
S12000006,2017,Dumfries and Galloway,2196.3488308962765,40.03914861796657,18.772843460852055,896.176197932294,1152.4892474396027,88.87139344556104
S12000042,2017,Dundee City,1468.0175758536818,0.17098811907694378,0.7508551973849539,86.56953760887465,1377.6000092917943,2.9261856365510206
S12000008,2017,East Ayrshire,1535.7474186481306,53.05834615211714,6.134289543032651,212.79052310435952,1033.8526974780716,229.9115623705499
S12000045,2017,East Dunbartonshire,979.9220644766808,3.2324581004855917,2.052054366403516,56.53265205734955,911.8865548122234,6.218345140218733
S12000010,2017,East Lothian,1551.3690817440404,519.4078909599857,5.424404896181746,135.89604044017543,750.6205889440263,140.02015650367107
S12000011,2017,East Renfrewshire,794.4943344458082,0.8458792724699465,2.0872311051189905,37.23278443020641,746.941755178565,7.386684459447858
S12000014,2017,Falkirk,14352.180798253848,2.196844117671724,563.2793357865016,12448.774301211533,1329.0758945551572,8.854422582983974
S12000047,2017,Fife,9335.925310925235,12.959206881223087,24.684785902530493,5376.621479934246,3793.707282142964,127.95255606427018
S12000049,2017,Glasgow City,5239.163513671506,1.1107487887144092,3.170877794314707,298.8222239668979,4928.463061147211,7.596601974368092
S12000017,2017,Highland,3504.253687899461,66.61229073287973,19.14971777495565,1240.8694096041645,1143.1675999123868,1034.4546698750744
S12000018,2017,Inverclyde,687.8464970781649,0.5418364644505879,1.5067368839398696,29.901997021405062,650.9102025503803,4.985724157989024
S12000019,2017,Midlothian,796.6181854032716,10.96993256721859,3.171885516941547,91.3216167807823,663.860283365708,27.294467172621076
S12000020,2017,Moray,2044.7488277689874,21.43358508315017,6.171215028166769,314.9468240575577,1633.4310054407806,68.76619815933195
S12000013,2017,Na h-Eileanan Siar,266.7425070922618,12.176465987462562,3.0484134131670046,204.1081060009432,22.21045448907627,25.199067201612767
S12000021,2017,North Ayrshire,3381.666673346611,3.805928767086509,3.5333159302543238,180.29307639475536,1765.5145545705257,1428.5197976839888
S12000050,2017,North Lanarkshire,3218.0092657065993,3.7574867105608036,22.643661431376508,340.1617776887448,2821.506588640565,29.939751235352066
S12000023,2017,Orkney Islands,250.583632564233,6.823593321768097,2.423746371716264,231.15866734202734,0,10.177625528721316
S12000048,2017,Perth and Kinross,1523.3843437655278,19.20420333298465,8.352421624660495,456.425183031132,1009.7085767233552,29.693959053395456
S12000038,2017,Renfrewshire,1719.0100396510227,0.8199616431272349,1.6780864635109944,163.83092548377186,1546.9711350371936,5.709931023418908
S12000026,2017,Scottish Borders,1549.9590248696632,60.90544143751489,7.244092841908831,564.5436543434118,783.4240021207391,133.84183412608854
S12000027,2017,Shetland Islands,217.77779808120246,7.47933848473575,2.4453446964617993,193.06815864802684,0,14.784956251978063
S12000028,2017,South Ayrshire,1559.61039121455,4.334700567509441,5.4708352357029195,312.2129129680809,1223.8070449429802,13.78489750027661
S12000029,2017,South Lanarkshire,2984.0658232829287,15.783287421101898,11.799983965399315,483.85721881652347,2425.709500969622,46.91583211028236
S12000030,2017,Stirling,2032.927828093122,5.715095185355038,4.7605694072399745,179.7317176841231,1153.6657558303987,689.0546899860049
S12000039,2017,West Dunbartonshire,747.5979388429629,0.1807687198631862,0.5558854519357244,51.17950075735659,693.9940775392813,1.6877063745260228
S12000040,2017,West Lothian,1991.6286319824073,3.582725538407149,6.94351568707563,177.04042930228786,1790.0876326386997,13.974328815937076
S12000033,2018,Aberdeen City,2702.1355696495343,21.913217467191462,10.617611996513778,371.79499531002716,2229.2349871998963,68.57475767590535
S12000034,2018,Aberdeenshire,2766.7820389648564,40.0745325508783,23.20520612651028,1234.6603857677733,1383.999677056604,84.84223746309064
S92000003,2018,All local authorities,78155.62760625033,909.9612954223109,896.2818955718612,26221.210507124066,45561.82136887079,4566.352539261303
S12000041,2018,Angus,1249.3527263739606,10.781755709714519,5.631310476660734,312.80906495731176,883.8103547235268,36.32024050674687
S12000035,2018,Argyll and Bute,986.6860372505712,30.032135164506634,6.903143134407816,427.61500698805764,450.3281247069857,71.80762725661342
S12000036,2018,City of Edinburgh,4794.812409026904,17.841522330039403,4.202525556764747,243.84475120668853,4472.769848067541,56.15376186587035
S12000005,2018,Clackmannanshire,1123.3017750108552,1.1078882989741523,2.767041931288081,41.90623123854527,1071.13117435917,6.389439182877544
S12000006,2018,Dumfries and Galloway,2188.1907918605125,37.94812380196211,19.266065810426877,914.3607714115835,1104.1203940615499,112.49543677499018
S12000042,2018,Dundee City,1453.0832574490744,0.1673907402656096,0.7859971603751184,88.71734824530759,1360.0937487257274,3.318772577398642
S12000008,2018,East Ayrshire,1561.7192594943801,49.72319924032403,6.335105315446856,216.1287495617389,1024.250380011246,265.28182536562434
S12000045,2018,East Dunbartonshire,972.7724822206675,2.986000505288227,2.122698316768814,57.86100334418481,902.7577783360238,7.045001718401905
S12000010,2018,East Lothian,1599.8197880391438,449.94141940806225,5.587942552796475,153.17354644889917,746.9001362687295,244.2167433606563
S12000011,2018,East Renfrewshire,806.302094799764,0.8279695414588216,2.174283068031071,37.97870242603331,756.9524812686954,8.36865849554539
S12000014,2018,Falkirk,14358.029089224083,2.1563302879535304,665.2380944166568,12351.434653675176,1329.168495880192,10.031514964103703
S12000047,2018,Fife,7985.527798329001,12.530400783797429,24.829114050493445,4104.303461688947,3740.1396930504015,103.72512875536037
S12000049,2018,Glasgow City,5275.977149362611,1.0869055853784078,3.241657211599339,336.6020213341447,4926.440082987355,8.606482244133952
S12000017,2018,Highland,3401.7568340864086,63.430290437249084,19.72159075208691,1277.7816411892213,1011.0900541191853,1029.733257588666
S12000018,2018,Inverclyde,663.651875819733,0.5283529427801067,1.5644745808396539,30.621956419982787,625.2885736991577,5.6485181769728605
S12000019,2018,Midlothian,800.8122064920349,10.445564230457457,3.286928284168247,93.69772455739991,658.9919949392456,34.389994480763555
S12000020,2018,Moray,2100.032755302527,19.75732718647053,6.364682859182355,323.76644219684187,1713.3698807987819,36.77442226125052
S12000013,2018,Na h-Eileanan Siar,281.52661734098285,11.52769169075189,3.1345832765102375,211.7310906242093,23.117217004975892,32.016034744535574
S12000021,2018,North Ayrshire,3260.4092767110233,3.6357765167392135,3.6585201838217807,184.43604257564215,1793.19633115937,1275.4826062754503
S12000050,2018,North Lanarkshire,3255.7190648173523,3.662464013733101,22.770474604378187,354.685062252359,2840.4429720352223,34.15809191165969
S12000023,2018,Orkney Islands,257.02037848544404,6.589857034965844,2.4936651535332164,235.6478173573302,0,12.289038939614745
S12000048,2018,Perth and Kinross,1533.181815199066,17.957889124772215,8.610036984086037,468.9227182029372,1002.7496058411741,34.941565046096635
S12000038,2018,Renfrewshire,1707.5056502809098,0.8044098473164808,1.744801265597339,168.05982639070083,1530.427613412323,6.468999364972115
S12000026,2018,Scottish Borders,1578.2590355504199,57.00101635912084,7.457929935433395,576.4565646572016,762.7398049386842,174.60371965997993
S12000027,2018,Shetland Islands,226.2244133165039,7.210485020782772,2.514700089241987,198.01526167137058,0,18.483966535108568
S12000028,2018,South Ayrshire,1419.90472264003,4.302019150429864,5.630180936747998,288.58912440102796,1105.7659601132368,15.617438038587553
S12000029,2018,South Lanarkshire,3000.903181646905,14.973189063971118,11.928784118063174,497.6967268155222,2418.3845509634484,57.91993068590056
S12000030,2018,Stirling,2097.6075859648836,5.462114976518235,4.908567074847985,183.8060610086349,1210.527704717931,692.9031381869515
S12000039,2018,West Dunbartonshire,732.7795472239997,0.1788610274198849,0.5760536858592706,52.29514758332473,677.8174176539876,1.9120672734081736
S12000040,2018,West Lothian,1893.77213440783,3.375221397890459,7.008131312976756,181.81141388360143,1685.7453144297724,15.832053383588763
S12000033,2019,Aberdeen City,2696.4461745648377,16.276556755298028,10.01087058214437,337.28769526808344,2258.7229487504965,74.14810320881516
S12000034,2019,Aberdeenshire,2687.8419002942414,28.270201724261824,23.145430125295757,1161.6751056124583,1387.1062911639756,87.64487166825018
S92000003,2019,All local authorities,75889.62401993283,779.1191881796673,742.4849664700657,23875.351384110592,45864.58993224938,4628.0785489231275
S12000041,2019,Angus,1235.7159711384709,8.225679025693031,5.8330856406688705,294.53163771536515,890.1644548938975,36.961113862846375
S12000035,2019,Argyll and Bute,936.3628017242147,19.784723340101262,6.994182225336375,388.35429897120423,450.06880245787613,71.1607947296967
S12000036,2019,City of Edinburgh,4773.9677623776715,13.155657587669074,4.265687237231265,226.31917293356346,4474.977442163099,55.2498024561083
S12000005,2019,Clackmannanshire,1108.3264335084812,1.0387830914635787,2.646355175774461,38.1310130718544,1059.6352154598703,6.875066709518432
S12000006,2019,Dumfries and Galloway,2148.492444988893,28.534267575388238,18.39656264483019,878.3027064050236,1111.454904316332,111.80400404731908
S12000042,2019,Dundee City,1384.6596478790836,0.15716856253078038,0.8617261882126327,81.99670075244592,1298.0786586019808,3.5653937739133825
S12000008,2019,East Ayrshire,1507.2662782652997,35.41063624493222,6.538559414744373,202.72023125543745,996.7394552846897,265.85739606549595
S12000045,2019,East Dunbartonshire,963.6031535183253,1.614109292823704,2.213408954630733,51.24758373665463,900.9475963144705,7.580455219745636
S12000010,2019,East Lothian,1613.3580314977514,448.35497424823893,5.6077537771594255,129.60709945185198,789.6965112809954,240.0916927395058
S12000011,2019,East Renfrewshire,806.849729463875,0.7783977130999551,2.3336117394268467,35.55382046116157,759.1791838375201,9.00471571266651
S12000014,2019,Falkirk,12758.976136654754,2.021277481852678,514.4908701797431,10990.518582842626,1241.1514486840495,10.793957466483116
S12000047,2019,Fife,7553.397707531483,9.992792212653121,23.45750079852575,3758.2039617885594,3649.76888626596,111.9745664657849
S12000049,2019,Glasgow City,5243.094047098157,1.020713197663426,3.2298379737333986,266.23407373537947,4963.348806794285,9.260615397095677
S12000017,2019,Highland,3275.6554103746284,47.97985562972542,20.08393381781163,1205.0137334683031,1035.7966314633181,966.7812559954698
S12000018,2019,Inverclyde,661.2255685989898,0.4727670746608438,1.6512674998142844,27.943257935322716,625.0804436913734,6.077832397818568
S12000019,2019,Midlothian,796.497925234188,7.711410620742853,3.4460576599836346,86.24703627386225,664.8027595972007,34.29066108239843
S12000020,2019,Moray,2116.106339398469,11.04666147316016,6.528186339735981,363.2762629623394,1648.8595949212342,86.3956337019992
S12000013,2019,Na h-Eileanan Siar,265.80786245209987,8.386110518392453,3.170121664404869,200.0813933971395,22.433968386247912,31.73626848591514
S12000021,2019,North Ayrshire,3414.3558299998376,2.290407211736713,3.7947536768150774,166.75810388654793,1895.435952411929,1346.076612812809
S12000050,2019,North Lanarkshire,3142.7315167351453,3.3179837556418983,20.704113013680868,309.6135810987132,2772.544868899408,36.5509699677013
S12000023,2019,Orkney Islands,248.12953035266656,4.661652593643622,2.5286910918354977,228.30962073876213,0,12.629565928425286
S12000048,2019,Perth and Kinross,1491.649629248997,10.94228248767304,8.81095604360104,443.657515761064,991.6590110468287,36.57986390982999
S12000038,2019,Renfrewshire,1700.6197983140246,0.7549567586461486,1.8571479968726594,157.60985346497387,1533.4371657075076,6.960674386024478
S12000026,2019,Scottish Borders,1530.5103216225837,40.18063442369892,7.5752828839473905,551.7661548710387,761.0883381100286,169.89991133386997
S12000027,2019,Shetland Islands,214.70669055273916,5.515043754672906,2.5313774408569825,188.12800239938417,0,18.532266957825108
S12000028,2019,South Ayrshire,1509.5594132412527,3.2430232452652077,5.614071511277894,275.9257341737858,1207.9721459547627,16.804438356161086
S12000029,2019,South Lanarkshire,2951.9692973214906,11.430319322127838,11.671653374147501,450.4923878439162,2419.783375780307,58.59156100099218
S12000030,2019,Stirling,2039.4493785013717,4.165209049779235,4.983371314834136,172.58252214712272,1178.6126045705182,679.1056714191175
S12000039,2019,West Dunbartonshire,760.8495903706811,0.16636593552177367,0.593235779931446,46.3620721854316,711.6705230324703,2.057393437325959
S12000040,2019,West Lothian,2254.8331445246613,2.2185915064917516,6.9153003271133056,160.90079107872828,2067.7630968676644,17.03536474466325
S12000033,2020,Aberdeen City,2702.2311157579293,16.133235296765175,12.387133255377371,325.74813798152223,2253.2760021042272,94.68660712003708
S12000034,2020,Aberdeenshire,2804.2066567714264,29.034404895297975,24.59526774062675,1209.866927707634,1438.819494286926,101.89056214094168
S92000003,2020,All local authorities,77498.02272697522,626.3068965571077,278.28213963003265,24749.13086356047,46727.33791698744,5116.964910240178
S12000041,2020,Angus,1282.6046364644021,8.097333281710137,5.598047524392607,304.8780538867472,918.9926590562412,45.03854271531108
S12000035,2020,Argyll and Bute,990.1330673139773,20.60215024371612,6.809918708633791,417.11464293364094,451.69932607103,93.90702935695651
S12000036,2020,City of Edinburgh,4802.32251870796,12.958121087297881,4.138513053918701,209.24265687650555,4501.536103685873,74.44712400436399
S12000005,2020,Clackmannanshire,1101.3940686786789,0.9919988513744354,3.0316977707271695,37.014329270333626,1053.3802961087256,6.97574667751789
S12000006,2020,Dumfries and Galloway,2238.6221349381053,28.130442248185787,21.927889660073014,895.2642636463111,1147.0005898224163,146.29894956111914
S12000042,2020,Dundee City,1694.4652881303123,0.15794494500706632,0.8208159179240466,76.61300752314152,1613.2526343969676,3.6208853472719755
S12000008,2020,East Ayrshire,1597.1763904902011,35.032615548279885,6.2781573832035065,208.6320316464978,1049.8536423685473,297.37994354367277
S12000045,2020,East Dunbartonshire,986.3331472239144,1.8980251521592324,2.1410134945468435,52.38571471139405,922.216928581586,7.691465284228325
S12000010,2020,East Lothian,1506.3123441409905,292.3685884219765,5.807657723030877,134.64517112781323,816.7679901759324,256.72293669223757
S12000011,2020,East Renfrewshire,825.7715777872937,0.7412084599124324,2.228989184945817,35.752772212769386,777.9120243969751,9.136583532691006
S12000014,2020,Falkirk,12287.642975236338,1.929604726535323,31.80715385026674,10952.841335081168,1290.1128539487545,10.95202762961388
S12000047,2020,Fife,8489.184013883953,9.925387893138913,27.954446543973326,4467.335387264913,3916.289276096541,67.67951608538637
S12000049,2020,Glasgow City,5311.684501760249,0.9713878881186243,3.511458322583488,256.26917872000666,5041.536246162307,9.396230667233471
S12000017,2020,Highland,3511.889263283621,48.117552635218054,19.48122908801926,1258.2986126249377,1068.1613394888445,1117.8305294466013
S12000018,2020,Inverclyde,799.6600892184852,0.4586841070668348,1.6461768606726186,25.958623871162047,765.4297662289632,6.166838150620456
S12000019,2020,Midlothian,820.187479510367,7.577200173457033,3.3018224227428465,88.88020518614694,675.9891429807763,44.43910874724395
S12000020,2020,Moray,2055.7481622400087,13.028793818705141,6.273537191748618,397.7590187592307,1517.935558506615,120.7512539637089
S12000013,2020,Na h-Eileanan Siar,287.978620690897,8.3961755388303,3.052372983098034,210.38956907039722,24.293192821943823,41.84731027662759
S12000021,2020,North Ayrshire,3318.38537337537,2.4024517127826153,3.763120040250479,173.13731914923483,1751.394268848153,1387.688213624949
S12000050,2020,North Lanarkshire,3295.6541948711465,3.2282493970868114,26.833213129990703,310.68098452120717,2917.2029483934753,37.70879942938687
S12000023,2020,Orkney Islands,253.46914226994514,4.855153740493542,2.4338672944903417,231.2554796919305,0,14.924641543030734
S12000048,2020,Perth and Kinross,1521.3411991241028,12.13736156976296,8.46992421925068,451.99694666846,1008.0040597397589,40.73290692687037
S12000038,2020,Renfrewshire,1716.353957889347,0.7208120345988077,1.7758338403701748,145.82232896265074,1560.9723746952513,7.062608356475826
S12000026,2020,Scottish Borders,1625.1713680754117,39.972313865363255,7.338318263798926,564.288949198474,777.2771863563878,236.2946003913879
S12000027,2020,Shetland Islands,224.05185000221599,5.454304345532815,2.4917672099435584,192.4789761441407,0,23.626802302598925
S12000028,2020,South Ayrshire,1525.7597722312225,2.943455445149367,5.924690318774088,274.27877294795485,1225.5623270601272,17.050526459217117
S12000029,2020,South Lanarkshire,3044.3630298406547,11.226489112409809,13.094116391823118,456.6960445367248,2490.6331453679536,72.71323443174373
S12000030,2020,Stirling,2083.918379410144,4.254299877780709,4.980649103870892,177.37418580265876,1194.3783490612768,702.9308955645567
S12000039,2020,West Dunbartonshire,787.6675668631176,0.15992795373967458,0.6185583542138108,46.282494083970704,738.5190640479261,2.0875224232673664
S12000040,2020,West Lothian,1922.9303626497226,2.4012063809457747,7.764783799714325,159.9489090936362,1735.5306277018556,17.28483567357068
S12000033,2021,Aberdeen City,2622.720452999107,16.133235296765175,12.387133255377371,325.74813798152223,2173.7653393454048,94.68660712003708
S12000034,2021,Aberdeenshire,2813.054834895042,29.034404895297975,24.59526774062675,1209.866927707634,1447.6676724105414,101.89056214094168
S92000003,2021,All local authorities,75949.33167872745,626.3068965571077,278.28213963003265,24749.13086356047,45178.64686873966,5116.964910240178
S12000041,2021,Angus,1253.002345923488,8.097333281710137,5.598047524392607,304.8780538867472,889.390368515327,45.03854271531108
S12000035,2021,Argyll and Bute,968.9236672743017,20.60215024371612,6.809918708633791,417.11464293364094,430.48992603135423,93.90702935695651
S12000036,2021,City of Edinburgh,4709.01954680929,12.958121087297881,4.138513053918701,209.24265687650555,4408.233131787204,74.44712400436399
S12000005,2021,Clackmannanshire,938.7166011466455,0.9919988513744354,3.0316977707271695,37.014329270333626,890.7028285766925,6.97574667751789
S12000006,2021,Dumfries and Galloway,2262.484413993469,28.130442248185787,21.927889660073014,895.2642636463111,1170.8628688777799,146.29894956111914
S12000042,2021,Dundee City,1367.4187288522241,0.15794494500706632,0.8208159179240466,76.61300752314152,1286.2060751188794,3.6208853472719755
S12000008,2021,East Ayrshire,1552.713748749288,35.032615548279885,6.2781573832035065,208.6320316464978,1005.3910006276341,297.37994354367277
S12000045,2021,East Dunbartonshire,950.0286487903637,1.8980251521592324,2.1410134945468435,52.38571471139405,885.9124301480352,7.691465284228325
S12000010,2021,East Lothian,1519.9109420880325,292.3685884219765,5.807657723030877,134.64517112781323,830.3665881229743,256.72293669223757
S12000011,2021,East Renfrewshire,790.7274763678163,0.7412084599124324,2.228989184945817,35.752772212769386,742.8679229774976,9.136583532691006
S12000014,2021,Falkirk,12332.47126024487,1.929604726535323,31.80715385026674,10952.841335081168,1334.9411389572863,10.95202762961388
S12000047,2021,Fife,8133.622983751343,9.925387893138913,27.954446543973326,4467.335387264913,3560.728245963931,67.67951608538637
S12000049,2021,Glasgow City,5208.267408362363,0.9713878881186243,3.511458322583488,256.26917872000666,4938.1191527644205,9.396230667233471
S12000017,2021,Highland,3516.621720016904,48.117552635218054,19.48122908801926,1258.2986126249377,1072.8937962221273,1117.8305294466013
S12000018,2021,Inverclyde,700.5555764896156,0.4586841070668348,1.6461768606726186,25.958623871162047,666.3252535000937,6.166838150620456
S12000019,2021,Midlothian,838.1376942539367,7.577200173457033,3.3018224227428465,88.88020518614694,693.939357724346,44.43910874724395
S12000020,2021,Moray,2127.2792948891265,13.028793818705141,6.273537191748618,397.7590187592307,1589.4666911557329,120.7512539637089
S12000013,2021,Na h-Eileanan Siar,289.4965273416495,8.3961755388303,3.052372983098034,210.38956907039722,25.81109947269634,41.84731027662759
S12000021,2021,North Ayrshire,3430.7511817249897,2.4024517127826153,3.763120040250479,173.13731914923483,1863.7600771977727,1387.688213624949
S12000050,2021,North Lanarkshire,3178.1726195121146,3.2282493970868114,26.833213129990703,310.68098452120717,2799.7213730344433,37.70879942938687
S12000023,2021,Orkney Islands,253.46914226994514,4.855153740493542,2.4338672944903417,231.2554796919305,0,14.924641543030734
S12000048,2021,Perth and Kinross,1501.3800439944603,12.13736156976296,8.46992421925068,451.99694666846,988.0429046101162,40.73290692687037
S12000038,2021,Renfrewshire,1675.8999315362046,0.7208120345988077,1.7758338403701748,145.82232896265074,1520.518348342109,7.062608356475826
S12000026,2021,Scottish Borders,1597.6872462317576,39.972313865363255,7.338318263798926,564.288949198474,749.7930645127335,236.2946003913879
S12000027,2021,Shetland Islands,224.05185000221599,5.454304345532815,2.4917672099435584,192.4789761441407,0,23.626802302598925
S12000028,2021,South Ayrshire,1523.3252415887182,2.943455445149367,5.924690318774088,274.27877294795485,1223.127796417623,17.050526459217117
S12000029,2021,South Lanarkshire,2928.876730888352,11.226489112409809,13.094116391823118,456.6960445367248,2375.1468464156505,72.71323443174373
S12000030,2021,Stirling,2003.940000864366,4.254299877780709,4.980649103870892,177.37418580265876,1114.399970515499,702.9308955645567
S12000039,2021,West Dunbartonshire,738.31325615057915,0.15992795373967458,0.6185583542138108,46.282494083970704,689.1647533353877,2.0875224232673664
S12000040,2021,West Lothian,1916.6520807631903,2.4012063809457747,7.764783799714325,159.9489090936362,1729.2523458153235,17.28483567357068
