"Date","Gas","Electricity","Transport"
2013-01-01,220.19,80.99,107.69
2013-01-02,206.5,81.99,107.69
2013-01-03,199.87,88.02,107.69
2013-01-04,193.42,85.63,107.69
2013-01-05,186.81,79.78,107.69
2013-01-06,198.25,79.4,107.69
2013-01-07,199.71,91.27,107.69
2013-01-08,202.45,88.51,107.69
2013-01-09,237.04,89.45,107.69
2013-01-10,289.93,95.69,107.69
2013-01-11,285.53,95.69,107.69
2013-01-12,286.86,93.04,107.69
2013-01-13,301.77,91.42,107.69
2013-01-14,311.3,100.82,107.69
2013-01-15,332.87,104.78,107.69
2013-01-16,334.11,104.74,107.69
2013-01-17,313.49,104.31,107.69
2013-01-18,287.25,104.14,107.69
2013-01-19,270.86,95.95,107.69
2013-01-20,272.29,94.75,107.69
2013-01-21,298.16,100.77,107.69
2013-01-22,336.56,106.81,107.69
2013-01-23,336.68,106.29,107.69
2013-01-24,326.83,103.95,107.69
2013-01-25,306.78,106.54,107.69
2013-01-26,240.72,94.13,107.69
2013-01-27,244.32,92.94,107.69
2013-01-28,257.5,102.46,107.69
2013-01-29,237,100.64,107.69
2013-01-30,244.04,100.49,107.69
2013-01-31,250.22,104.1,107.69
2013-02-01,247.17,97.99,128.3
2013-02-02,249.42,90.88,128.3
2013-02-03,234.23,86.49,128.3
2013-02-04,270.25,102.3,128.3
2013-02-05,275.94,105.17,128.3
2013-02-06,273.46,103.61,128.3
2013-02-07,313.46,102.96,128.3
2013-02-08,303.98,97.18,128.3
2013-02-09,286.44,88.74,128.3
2013-02-10,286.02,88.7,128.3
2013-02-11,317.28,95.69,128.3
2013-02-12,321.73,99.96,128.3
2013-02-13,317.53,103.95,128.3
2013-02-14,276.56,96.24,128.3
2013-02-15,258.1,90.62,128.3
2013-02-16,219.48,83.54,128.3
2013-02-17,213.92,83.48,128.3
2013-02-18,273.29,95.51,128.3
2013-02-19,273.77,94.85,128.3
2013-02-20,287.25,97.88,128.3
2013-02-21,305.74,100.88,128.3
2013-02-22,295.66,101.28,128.3
2013-02-23,254.82,91.29,128.3
2013-02-24,261.75,91.68,128.3
2013-02-25,256.34,98.44,128.3
2013-02-26,244.66,92.09,128.3
2013-02-27,246.11,95.74,128.3
2013-02-28,237.8,95.2,128.3
2013-03-01,211.44,92.45,111.04
2013-03-02,196.07,81.49,111.04
2013-03-03,201.75,84.43,111.04
2013-03-04,219.19,93.15,111.04
2013-03-05,219.96,92.73,111.04
2013-03-06,241.03,92.53,111.04
2013-03-07,241.83,92.12,111.04
2013-03-08,249.56,91.82,111.04
2013-03-09,252.09,85.74,111.04
2013-03-10,276.24,94.72,111.04
2013-03-11,318.71,108.21,111.04
2013-03-12,291.19,103.75,111.04
2013-03-13,293.52,97.15,111.04
2013-03-14,272.74,97.48,111.04
2013-03-15,228.22,94.68,111.04
2013-03-16,241.6,92.04,111.04
2013-03-17,240.49,85.95,111.04
2013-03-18,276.77,90.79,111.04
2013-03-19,317.83,95.28,111.04
2013-03-20,305.06,98.77,111.04
2013-03-21,295.65,100.42,111.04
2013-03-22,299.49,103.65,111.04
2013-03-23,294.71,96.55,111.04
2013-03-24,293.69,96.17,111.04
2013-03-25,337.56,105.08,111.04
2013-03-26,331.47,105.79,111.04
2013-03-27,324.08,104.75,111.04
2013-03-28,289.79,100.19,111.04
2013-03-29,249.17,99.2,111.04
2013-03-30,230.37,90.06,111.04
2013-03-31,237.2,83.78,111.04
2013-04-01,257.27,93.4,124.61
2013-04-02,278.65,98.31,124.61
2013-04-03,232.45,99.08,124.61
2013-04-04,251.87,99.29,124.61
2013-04-05,270.89,96.87,124.61
2013-04-06,254.3,85.02,124.61
2013-04-07,257.08,85.43,124.61
2013-04-08,279.85,96.14,124.61
2013-04-09,271.9,95.99,124.61
2013-04-10,265.64,94.91,124.61
2013-04-11,281.79,93.9,124.61
2013-04-12,274.67,94.18,124.61
2013-04-13,211.26,84.49,124.61
2013-04-14,170.61,79.22,124.61
2013-04-15,189.46,86.06,124.61
2013-04-16,204.18,86.01,124.61
2013-04-17,227.86,89.28,124.61
2013-04-18,215.64,87.94,124.61
2013-04-19,210.56,82.4,124.61
2013-04-20,185.43,70.06,124.61
2013-04-21,198.96,72.14,124.61
2013-04-22,199.38,81.08,124.61
2013-04-23,196.69,81.19,124.61
2013-04-24,201.08,83,124.61
2013-04-25,210.38,83.63,124.61
2013-04-26,205.44,83.99,124.61
2013-04-27,193.56,77.03,124.61
2013-04-28,199.95,73.35,124.61
2013-04-29,203.81,81.68,124.61
2013-04-30,199.41,80.78,124.61
2013-05-01,208.91,78.65,121.51
2013-05-02,216.01,81.73,121.51
2013-05-03,217.36,80.55,121.51
2013-05-04,193.92,75.43,121.51
2013-05-05,166.41,68.65,121.51
2013-05-06,175.01,75.72,121.51
2013-05-07,150.18,77.75,121.51
2013-05-08,167.83,80.04,121.51
2013-05-09,177.55,82.64,121.51
2013-05-10,175.83,84.18,121.51
2013-05-11,179.93,72.96,121.51
2013-05-12,170.38,72.48,121.51
2013-05-13,176.12,80.74,121.51
2013-05-14,169.18,80,121.51
2013-05-15,163.86,84.97,121.51
2013-05-16,151.58,78.31,121.51
2013-05-17,133.47,75.44,121.51
2013-05-18,146.23,70.32,121.51
2013-05-19,159.42,69.16,121.51
2013-05-20,139.68,76.27,121.51
2013-05-21,140.9,74.87,121.51
2013-05-22,125.37,74.46,121.51
2013-05-23,160.54,78.34,121.51
2013-05-24,150.59,80.38,121.51
2013-05-25,137.86,67.74,121.51
2013-05-26,138.04,65.75,121.51
2013-05-27,169.95,71.9,121.51
2013-05-28,173.75,77.09,121.51
2013-05-29,146.97,76.33,121.51
2013-05-30,108.55,75.09,121.51
2013-05-31,106.37,72.03,121.51
2013-06-01,100.72,66.26,128.9
2013-06-02,103.1,63.63,128.9
2013-06-03,125.57,72.93,128.9
2013-06-04,120.32,74.32,128.9
2013-06-05,127.99,74.5,128.9
2013-06-06,116.15,73.92,128.9
2013-06-07,119.06,72.73,128.9
2013-06-08,129.78,65.88,128.9
2013-06-09,134.08,63.79,128.9
2013-06-10,143.9,71.04,128.9
2013-06-11,135.46,74.62,128.9
2013-06-12,142.39,75.78,128.9
2013-06-13,136.44,75.93,128.9
2013-06-14,117.83,71.9,128.9
2013-06-15,107.88,68.82,128.9
2013-06-16,102.62,66.44,128.9
2013-06-17,129.82,73.92,128.9
2013-06-18,147.88,71.73,128.9
2013-06-19,142.57,70.1,128.9
2013-06-20,139.53,71.93,128.9
2013-06-21,122.71,72.15,128.9
2013-06-22,101.62,69.94,128.9
2013-06-23,93.47,67.16,128.9
2013-06-24,134.95,72.95,128.9
2013-06-25,146.94,73.64,128.9
2013-06-26,136.87,71.68,128.9
2013-06-27,143.45,74.49,128.9
2013-06-28,115.43,71.39,128.9
2013-06-29,110.91,64.58,128.9
2013-06-30,116.4,60.68,128.9
2013-07-01,107.24,69.93,116.69
2013-07-02,140.5,73.18,116.69
2013-07-03,136.03,72.94,116.69
2013-07-04,117.53,68.6,116.69
2013-07-05,123.73,66.51,116.69
2013-07-06,100.36,60.63,116.69
2013-07-07,118.51,61.86,116.69
2013-07-08,119.23,70.56,116.69
2013-07-09,115.6,69.7,116.69
2013-07-10,118.23,71.51,116.69
2013-07-11,117.6,71.53,116.69
2013-07-12,112.11,68.67,116.69
2013-07-13,99.86,62.04,116.69
2013-07-14,92.45,59.44,116.69
2013-07-15,100.85,65.18,116.69
2013-07-16,100.75,68.31,116.69
2013-07-17,97.63,69.14,116.69
2013-07-18,97.15,70.32,116.69
2013-07-19,109.46,71.22,116.69
2013-07-20,108.94,65.81,116.69
2013-07-21,101.43,61.4,116.69
2013-07-22,100.11,68.22,116.69
2013-07-23,99.62,69.5,116.69
2013-07-24,110.67,69.09,116.69
2013-07-25,112.55,72.41,116.69
2013-07-26,112.03,69.21,116.69
2013-07-27,99.9,62.94,116.69
2013-07-28,103.65,66.24,116.69
2013-07-29,114.51,73.64,116.69
2013-07-30,115.75,70.3,116.69
2013-07-31,116.84,70.83,116.69
2013-08-01,104.93,71.37,123.14
2013-08-02,94.58,65.36,123.14
2013-08-03,83.13,57.65,123.14
2013-08-04,99.05,60.55,123.14
2013-08-05,117.89,71.75,123.14
2013-08-06,121.57,69.39,123.14
2013-08-07,119.9,71.1,123.14
2013-08-08,120.65,70.42,123.14
2013-08-09,123.51,70.07,123.14
2013-08-10,119.27,63.72,123.14
2013-08-11,106.73,61.44,123.14
2013-08-12,116.51,69.48,123.14
2013-08-13,126.06,71.81,123.14
2013-08-14,120.05,71.88,123.14
2013-08-15,119.33,74.89,123.14
2013-08-16,116.22,70.56,123.14
2013-08-17,102.2,63.55,123.14
2013-08-18,110.51,60.83,123.14
2013-08-19,116.95,68.91,123.14
2013-08-20,118.87,71.87,123.14
2013-08-21,123.2,73.45,123.14
2013-08-22,113.87,72.75,123.14
2013-08-23,81.86,72.01,123.14
2013-08-24,82.74,68.71,123.14
2013-08-25,81.07,66.91,123.14
2013-08-26,82.67,72.76,123.14
2013-08-27,85.34,73.19,123.14
2013-08-28,89.96,73.8,123.14
2013-08-29,94.59,74.02,123.14
2013-08-30,94.43,70.66,123.14
2013-08-31,94.01,63.57,123.14
2013-09-01,109.48,63.72,123.93
2013-09-02,100.58,71.35,123.93
2013-09-03,102.08,71.47,123.93
2013-09-04,91.16,69.94,123.93
2013-09-05,136.91,72.94,123.93
2013-09-06,142.91,73.71,123.93
2013-09-07,106.68,66.72,123.93
2013-09-08,105.1,67.12,123.93
2013-09-09,110.9,76.62,123.93
2013-09-10,105.8,78.17,123.93
2013-09-11,146.86,79.61,123.93
2013-09-12,138.7,76.04,123.93
2013-09-13,163.72,76.2,123.93
2013-09-14,141.82,69.09,123.93
2013-09-15,117.79,68.78,123.93
2013-09-16,138,81.38,123.93
2013-09-17,138.85,82.29,123.93
2013-09-18,135.66,79.05,123.93
2013-09-19,142.95,84.33,123.93
2013-09-20,120.63,76.76,123.93
2013-09-21,108.23,69.05,123.93
2013-09-22,95.28,65.27,123.93
2013-09-23,95.3,77.25,123.93
2013-09-24,101.47,79.64,123.93
2013-09-25,120.13,78.96,123.93
2013-09-26,127.99,79.44,123.93
2013-09-27,114.51,80.26,123.93
2013-09-28,97,73.24,123.93
2013-09-29,100.64,68.66,123.93
2013-09-30,115.48,73.75,123.93
2013-10-01,119.29,78.22,118.27
2013-10-02,125.17,80.11,118.27
2013-10-03,109.09,79.84,118.27
2013-10-04,100.1,78.54,118.27
2013-10-05,98.41,68.4,118.27
2013-10-06,98.13,65.49,118.27
2013-10-07,99.4,72.89,118.27
2013-10-08,110.05,73.84,118.27
2013-10-09,138.06,77.07,118.27
2013-10-10,159.76,83.02,118.27
2013-10-11,160.43,86.46,118.27
2013-10-12,141.14,75.57,118.27
2013-10-13,144.01,73.09,118.27
2013-10-14,172.03,81.75,118.27
2013-10-15,188.45,82.69,118.27
2013-10-16,201.89,87.63,118.27
2013-10-17,187.6,86.13,118.27
2013-10-18,153.62,81.73,118.27
2013-10-19,124.61,75.45,118.27
2013-10-20,124.52,75.31,118.27
2013-10-21,131.28,82.88,118.27
2013-10-22,119.94,82.48,118.27
2013-10-23,134.28,80.1,118.27
2013-10-24,142.2,79.8,118.27
2013-10-25,136.64,81.25,118.27
2013-10-26,137.55,74.91,118.27
2013-10-27,148.74,78.07,118.27
2013-10-28,156.57,84.81,118.27
2013-10-29,166.81,84.56,118.27
2013-10-30,178.37,85.68,118.27
2013-10-31,176.57,82.12,118.27
2013-11-01,173.26,79.88,129.81
2013-11-02,199.93,84.53,129.81
2013-11-03,186.35,79.64,129.81
2013-11-04,237.07,89.93,129.81
2013-11-05,238.28,94.58,129.81
2013-11-06,233.35,92.35,129.81
2013-11-07,213.18,87.19,129.81
2013-11-08,199.41,86.87,129.81
2013-11-09,206.67,84.04,129.81
2013-11-10,224.18,81.88,129.81
2013-11-11,225.81,86.58,129.81
2013-11-12,216.79,87.72,129.81
2013-11-13,198.69,88.07,129.81
2013-11-14,209.67,93.98,129.81
2013-11-15,212.25,87.66,129.81
2013-11-16,168.09,76.53,129.81
2013-11-17,193.44,81.73,129.81
2013-11-18,241.52,91.62,129.81
2013-11-19,247.46,96.1,129.81
2013-11-20,228.77,96.6,129.81
2013-11-21,267.26,99.88,129.81
2013-11-22,289.49,98.72,129.81
2013-11-23,277.78,89.23,129.81
2013-11-24,286.09,90.68,129.81
2013-11-25,304.94,100.26,129.81
2013-11-26,261.16,94.18,129.81
2013-11-27,241.66,88.9,129.81
2013-11-28,245.76,92.68,129.81
2013-11-29,222.91,92.2,129.81
2013-11-30,213.31,86.04,129.81
2013-12-01,234.66,83.35,122.18
2013-12-02,253.79,91.4,122.18
2013-12-03,254.81,91.28,122.18
2013-12-04,237.28,91.29,122.18
2013-12-05,264.34,98.67,122.18
2013-12-06,295.6,100.06,122.18
2013-12-07,246.95,90.52,122.18
2013-12-08,201.91,84.55,122.18
2013-12-09,202.8,90.31,122.18
2013-12-10,186.67,88.99,122.18
2013-12-11,185.84,89.55,122.18
2013-12-12,193.43,89.83,122.18
2013-12-13,176.99,85.72,122.18
2013-12-14,196.51,85.2,122.18
2013-12-15,202.36,84.15,122.18
2013-12-16,228.79,91.52,122.18
2013-12-17,240.67,90.2,122.18
2013-12-18,212.18,94.1,122.18
2013-12-19,238.96,92.89,122.18
2013-12-20,226.32,94.31,122.18
2013-12-21,205.39,87.84,122.18
2013-12-22,229.12,86.79,122.18
2013-12-23,228.75,94.81,122.18
2013-12-24,238.81,91.65,122.18
2013-12-25,216.53,75.28,122.18
2013-12-26,213.61,79.61,122.18
2013-12-27,216.64,89.04,122.18
2013-12-28,220.92,82.4,122.18
2013-12-29,214.84,83.29,122.18
2013-12-30,215.32,93.12,122.18
2013-12-31,220.46,89.09,122.18
2014-01-01,209.64,82.03,110.43
2014-01-02,208.9,81.56,110.43
2014-01-03,229.53,89.34,110.43
2014-01-04,220.31,85.69,110.43
2014-01-05,230.89,86.4,110.43
2014-01-06,221.34,93.83,110.43
2014-01-07,220.13,94.19,110.43
2014-01-08,216.87,93.6,110.43
2014-01-09,232.77,97.67,110.43
2014-01-10,274.88,95.94,110.43
2014-01-11,284.13,87.09,110.43
2014-01-12,288.13,90.78,110.43
2014-01-13,290.16,98.95,110.43
2014-01-14,292.8,98.73,110.43
2014-01-15,263.42,98.2,110.43
2014-01-16,273.21,98.03,110.43
2014-01-17,252.61,96.09,110.43
2014-01-18,218.63,86.54,110.43
2014-01-19,240.99,82.12,110.43
2014-01-20,276.47,91.83,110.43
2014-01-21,268.42,92.67,110.43
2014-01-22,265.41,93.67,110.43
2014-01-23,272.86,96.4,110.43
2014-01-24,263.52,94.45,110.43
2014-01-25,230.9,87.93,110.43
2014-01-26,243.12,87.63,110.43
2014-01-27,245.58,97.12,110.43
2014-01-28,240.4,96.94,110.43
2014-01-29,244.34,94.3,110.43
2014-01-30,249.76,96.78,110.43
2014-01-31,259.27,97.41,110.43
2014-02-01,241.56,88.97,131.38
2014-02-02,230.12,82.61,131.38
2014-02-03,244.5,90.74,131.38
2014-02-04,257.26,97.04,131.38
2014-02-05,236.79,98.93,131.38
2014-02-06,238.16,96.85,131.38
2014-02-07,255.74,97.39,131.38
2014-02-08,223.36,87.79,131.38
2014-02-09,227.74,85.42,131.38
2014-02-10,233.93,91.45,131.38
2014-02-11,248.53,97.58,131.38
2014-02-12,261.19,99.85,131.38
2014-02-13,258.29,97.74,131.38
2014-02-14,257.56,99.32,131.38
2014-02-15,230.5,90.86,131.38
2014-02-16,270.41,85.12,131.38
2014-02-17,286.58,100.62,131.38
2014-02-18,266.28,96.49,131.38
2014-02-19,244.66,94.96,131.38
2014-02-20,218.12,92.04,131.38
2014-02-21,231.44,91.07,131.38
2014-02-22,210.96,82.03,131.38
2014-02-23,207.76,83.48,131.38
2014-02-24,244.48,93.49,131.38
2014-02-25,219.54,87.54,131.38
2014-02-26,242.59,90.07,131.38
2014-02-27,252.6,92.94,131.38
2014-02-28,252.75,89.2,131.38
2014-03-01,249.99,80.52,114.81
2014-03-02,257.55,84.48,114.81
2014-03-03,266.04,91.09,114.81
2014-03-04,255.99,87.59,114.81
2014-03-05,232.7,86.54,114.81
2014-03-06,213.78,92.67,114.81
2014-03-07,210.75,85.52,114.81
2014-03-08,220.25,77.9,114.81
2014-03-09,219.45,77.76,114.81
2014-03-10,243.43,89.81,114.81
2014-03-11,237.69,88.62,114.81
2014-03-12,231.84,85.43,114.81
2014-03-13,227.84,84.55,114.81
2014-03-14,210.18,81.11,114.81
2014-03-15,197.77,75.52,114.81
2014-03-16,191.01,73.02,114.81
2014-03-17,210.79,78.07,114.81
2014-03-18,213.15,84.5,114.81
2014-03-19,200.79,81.68,114.81
2014-03-20,231.17,87.38,114.81
2014-03-21,235.55,84.38,114.81
2014-03-22,229.29,80.92,114.81
2014-03-23,233.62,76.69,114.81
2014-03-24,224.95,84.56,114.81
2014-03-25,228.06,87.12,114.81
2014-03-26,219.56,86.05,114.81
2014-03-27,225.92,84.76,114.81
2014-03-28,224.22,86.22,114.81
2014-03-29,186.3,79.58,114.81
2014-03-30,192.89,72.86,114.81
2014-03-31,188.09,84.38,114.81
2014-04-01,192.43,87,126.54
2014-04-02,189.43,87.34,126.54
2014-04-03,191.91,85.67,126.54
2014-04-04,179.05,85.91,126.54
2014-04-05,155.3,78.66,126.54
2014-04-06,141.14,72.68,126.54
2014-04-07,164.4,85.78,126.54
2014-04-08,161.91,79.97,126.54
2014-04-09,159.08,77.38,126.54
2014-04-10,151.58,75,126.54
2014-04-11,156.86,75.96,126.54
2014-04-12,151.71,68.49,126.54
2014-04-13,167.99,71.86,126.54
2014-04-14,152.6,78.14,126.54
2014-04-15,140.1,78.78,126.54
2014-04-16,143.69,75.35,126.54
2014-04-17,149.24,75.47,126.54
2014-04-18,133.72,76.86,126.54
2014-04-19,119.9,70.88,126.54
2014-04-20,126.06,71.95,126.54
2014-04-21,128.61,70.34,126.54
2014-04-22,151.26,77.06,126.54
2014-04-23,134.44,79.3,126.54
2014-04-24,120.58,75.46,126.54
2014-04-25,147.58,78.22,126.54
2014-04-26,126.75,73.48,126.54
2014-04-27,130.48,73.68,126.54
2014-04-28,125.96,77.58,126.54
2014-04-29,107.08,75.76,126.54
2014-04-30,146.42,78.74,126.54
2014-05-01,170.21,79.26,119.03
2014-05-02,149.09,79.31,119.03
2014-05-03,136.15,71.23,119.03
2014-05-04,124.04,68.76,119.03
2014-05-05,125.35,70.73,119.03
2014-05-06,118.84,74.2,119.03
2014-05-07,135.23,78.49,119.03
2014-05-08,123.66,79.94,119.03
2014-05-09,115.27,76.06,119.03
2014-05-10,111.63,73.18,119.03
2014-05-11,111.5,70.79,119.03
2014-05-12,126.08,76.62,119.03
2014-05-13,115.34,75.78,119.03
2014-05-14,112.1,75.67,119.03
2014-05-15,101.12,72.65,119.03
2014-05-16,86.55,69.17,119.03
2014-05-17,93.93,63.66,119.03
2014-05-18,93.1,61.82,119.03
2014-05-19,94.46,74.11,119.03
2014-05-20,97.5,74.79,119.03
2014-05-21,88.44,72.12,119.03
2014-05-22,113.43,75.52,119.03
2014-05-23,106.12,75.31,119.03
2014-05-24,105.47,68.46,119.03
2014-05-25,106.49,66.52,119.03
2014-05-26,99.38,72.47,119.03
2014-05-27,93.13,74.1,119.03
2014-05-28,105.9,72.89,119.03
2014-05-29,112.29,77.01,119.03
2014-05-30,95.46,84.59,119.03
2014-05-31,80.6,65.2,119.03
2014-06-01,81.07,63.9,128.16
2014-06-02,89.17,72.43,128.16
2014-06-03,89.21,75.04,128.16
2014-06-04,101.08,77.19,128.16
2014-06-05,101.17,80.19,128.16
2014-06-06,83.84,75.7,128.16
2014-06-07,84.54,66.47,128.16
2014-06-08,79.65,62.54,128.16
2014-06-09,89.74,71.95,128.16
2014-06-10,89.16,73.49,128.16
2014-06-11,84.37,70.97,128.16
2014-06-12,83.73,71.11,128.16
2014-06-13,80.61,71.61,128.16
2014-06-14,75,65.13,128.16
2014-06-15,81.12,63.66,128.16
2014-06-16,78.76,71.52,128.16
2014-06-17,75.76,73.95,128.16
2014-06-18,74.59,71.96,128.16
2014-06-19,77.65,70.26,128.16
2014-06-20,74.48,68.34,128.16
2014-06-21,70.89,63.36,128.16
2014-06-22,72.78,62.58,128.16
2014-06-23,77.39,70.75,128.16
2014-06-24,82.95,72.83,128.16
2014-06-25,88.67,73.08,128.16
2014-06-26,88.01,72.55,128.16
2014-06-27,90.37,69.49,128.16
2014-06-28,88.69,63.97,128.16
2014-06-29,84.43,63.04,128.16
2014-06-30,84.74,71.74,128.16
2014-07-01,77.87,81.04,118.96
2014-07-02,82.82,68.18,118.96
2014-07-03,82.78,71.41,118.96
2014-07-04,83.59,70.54,118.96
2014-07-05,78.56,64.7,118.96
2014-07-06,77.52,63.76,118.96
2014-07-07,82.22,69.54,118.96
2014-07-08,84.61,70.59,118.96
2014-07-09,79.22,73.51,118.96
2014-07-10,77.5,72.39,118.96
2014-07-11,71.74,69.7,118.96
2014-07-12,70,62.28,118.96
2014-07-13,72.14,60.92,118.96
2014-07-14,79.89,68.89,118.96
2014-07-15,78.72,67.94,118.96
2014-07-16,82.04,69.3,118.96
2014-07-17,74.98,69.44,118.96
2014-07-18,68.31,69.07,118.96
2014-07-19,73.26,64.51,118.96
2014-07-20,68.66,62.73,118.96
2014-07-21,67.8,69.26,118.96
2014-07-22,62.11,70.69,118.96
2014-07-23,63.41,72.94,118.96
2014-07-24,62.11,74,118.96
2014-07-25,59.55,71.97,118.96
2014-07-26,55.99,64.92,118.96
2014-07-27,63.06,62.66,118.96
2014-07-28,65.69,70.71,118.96
2014-07-29,66.51,67.43,118.96
2014-07-30,68.67,67.8,118.96
2014-07-31,69.14,72.27,118.96
2014-08-01,68.15,71.44,126.31
2014-08-02,69.66,66.05,126.31
2014-08-03,66.8,63.85,126.31
2014-08-04,75.23,64.58,126.31
2014-08-05,73.22,70.15,126.31
2014-08-06,73.42,73.12,126.31
2014-08-07,73.41,68.33,126.31
2014-08-08,73.81,68.78,126.31
2014-08-09,70.67,63.71,126.31
2014-08-10,79.95,68.26,126.31
2014-08-11,90.6,67.81,126.31
2014-08-12,99.49,70.64,126.31
2014-08-13,86.98,68.69,126.31
2014-08-14,88.28,73.28,126.31
2014-08-15,84.55,70.2,126.31
2014-08-16,90.79,61.57,126.31
2014-08-17,92.82,62.96,126.31
2014-08-18,100.01,69.68,126.31
2014-08-19,100.46,70.96,126.31
2014-08-20,104.09,70.93,126.31
2014-08-21,105.78,74.92,126.31
2014-08-22,100.34,72.44,126.31
2014-08-23,95.37,65.15,126.31
2014-08-24,93.29,66.2,126.31
2014-08-25,98.28,71.56,126.31
2014-08-26,91,76.38,126.31
2014-08-27,95.43,74.84,126.31
2014-08-28,84.06,74.01,126.31
2014-08-29,89.99,74.11,126.31
2014-08-30,81.68,64.38,126.31
2014-08-31,80.6,64.27,126.31
2014-09-01,83.57,72.53,122.8
2014-09-02,85.12,74.29,122.8
2014-09-03,80.3,75.9,122.8
2014-09-04,73.56,75.2,122.8
2014-09-05,76.38,72.83,122.8
2014-09-06,76.03,65.34,122.8
2014-09-07,84.47,60.86,122.8
2014-09-08,91.56,70.9,122.8
2014-09-09,92.46,73.73,122.8
2014-09-10,85.94,73.79,122.8
2014-09-11,82.07,75.25,122.8
2014-09-12,78.58,74.04,122.8
2014-09-13,77.03,68.19,122.8
2014-09-14,85.71,67.2,122.8
2014-09-15,102.71,74.96,122.8
2014-09-16,94.94,75.83,122.8
2014-09-17,92.16,78.42,122.8
2014-09-18,90.26,78.16,122.8
2014-09-19,93.29,75.03,122.8
2014-09-20,85.7,66.21,122.8
2014-09-21,92.5,66.96,122.8
2014-09-22,95.28,73.65,122.8
2014-09-23,98.81,75.22,122.8
2014-09-24,100.22,75.28,122.8
2014-09-25,98.3,74.21,122.8
2014-09-26,96.88,68.84,122.8
2014-09-27,97.3,64.52,122.8
2014-09-28,88.24,65.37,122.8
2014-09-29,90.18,74.26,122.8
2014-09-30,87.28,74.4,122.8
2014-10-01,100.3,74.17,121.75
2014-10-02,115.07,71.93,121.75
2014-10-03,118.08,76.47,121.75
2014-10-04,117.36,73.72,121.75
2014-10-05,129.05,65.64,121.75
2014-10-06,142.32,78.15,121.75
2014-10-07,143.04,80.8,121.75
2014-10-08,140.17,83.52,121.75
2014-10-09,138.91,87.39,121.75
2014-10-10,138.26,81.02,121.75
2014-10-11,139.35,71.75,121.75
2014-10-12,145.86,72.1,121.75
2014-10-13,160.84,85.18,121.75
2014-10-14,156.37,82.5,121.75
2014-10-15,150.79,80.79,121.75
2014-10-16,146.64,79.53,121.75
2014-10-17,123.82,80.16,121.75
2014-10-18,106.87,71.56,121.75
2014-10-19,123.33,70.84,121.75
2014-10-20,138.26,80.33,121.75
2014-10-21,164.29,84.95,121.75
2014-10-22,167.13,83.67,121.75
2014-10-23,150.26,79.53,121.75
2014-10-24,153.27,77.01,121.75
2014-10-25,149.34,68.73,121.75
2014-10-26,145.57,73.72,121.75
2014-10-27,128.89,80.13,121.75
2014-10-28,154.71,84.49,121.75
2014-10-29,172.41,88.58,121.75
2014-10-30,160.14,87.81,121.75
2014-10-31,119.67,78.38,121.75
2014-11-01,126.92,70.87,131.28
2014-11-02,148.02,71.72,131.28
2014-11-03,167.31,89.05,131.28
2014-11-04,178.59,84.37,131.28
2014-11-05,196.48,87.48,131.28
2014-11-06,192.36,87.03,131.28
2014-11-07,170.78,86.87,131.28
2014-11-08,172.91,82.14,131.28
2014-11-09,173.01,78.05,131.28
2014-11-10,191.3,89.99,131.28
2014-11-11,178.12,88.5,131.28
2014-11-12,176.33,84.57,131.28
2014-11-13,172.4,87.08,131.28
2014-11-14,171.61,85.45,131.28
2014-11-15,171.1,78.98,131.28
2014-11-16,176.13,77.41,131.28
2014-11-17,173.99,85.4,131.28
2014-11-18,169.36,87.24,131.28
2014-11-19,174.47,87.11,131.28
2014-11-20,180.55,88.76,131.28
2014-11-21,188.25,87.32,131.28
2014-11-22,166.78,79.19,131.28
2014-11-23,184,78.9,131.28
2014-11-24,189.97,86.98,131.28
2014-11-25,189.2,91.9,131.28
2014-11-26,200.12,91.95,131.28
2014-11-27,202.23,94.47,131.28
2014-11-28,182.54,91.01,131.28
2014-11-29,162.1,82.38,131.28
2014-11-30,170.54,80.77,131.28
2014-12-01,192.51,88.91,125.18
2014-12-02,216.03,95.68,125.18
2014-12-03,213.9,95.92,125.18
2014-12-04,211.1,92.87,125.18
2014-12-05,227.97,92.42,125.18
2014-12-06,217.73,82.75,125.18
2014-12-07,225.99,85.82,125.18
2014-12-08,247.94,97.89,125.18
2014-12-09,236.19,96.52,125.18
2014-12-10,253.62,104.21,125.18
2014-12-11,260.06,104.71,125.18
2014-12-12,251.89,99.37,125.18
2014-12-13,243.98,87.48,125.18
2014-12-14,227.07,84.36,125.18
2014-12-15,242.59,95.18,125.18
2014-12-16,238.25,96.49,125.18
2014-12-17,206.73,94.95,125.18
2014-12-18,203.61,93.58,125.18
2014-12-19,227.13,91.58,125.18
2014-12-20,212.56,85.62,125.18
2014-12-21,189.1,82.19,125.18
2014-12-22,193.18,93.13,125.18
2014-12-23,197.26,95.3,125.18
2014-12-24,213.52,85.43,125.18
2014-12-25,206.29,82.06,125.18
2014-12-26,221.89,84.46,125.18
2014-12-27,228.93,88.22,125.18
2014-12-28,243.41,85.98,125.18
2014-12-29,255.61,90.57,125.18
2014-12-30,231.94,86.7,125.18
2014-12-31,202.44,81.45,125.18
2015-01-01,175.56,78.2,110.91
2015-01-02,214.17,82.5,110.91
2015-01-03,220.13,82.61,110.91
2015-01-04,223.8,81.12,110.91
2015-01-05,203.13,89.88,110.91
2015-01-06,214.81,91.56,110.91
2015-01-07,213.44,93.77,110.91
2015-01-08,229.86,93.04,110.91
2015-01-09,220.12,101.92,110.91
2015-01-10,232.38,95.29,110.91
2015-01-11,239.96,93.11,110.91
2015-01-12,243.91,98.06,110.91
2015-01-13,261.25,96.93,110.91
2015-01-14,266.04,100.94,110.91
2015-01-15,260.14,106.13,110.91
2015-01-16,261.86,97.23,110.91
2015-01-17,257.18,93.36,110.91
2015-01-18,261.26,87.36,110.91
2015-01-19,281.06,99.89,110.91
2015-01-20,277.04,103.01,110.91
2015-01-21,282.44,102.03,110.91
2015-01-22,262.12,99.31,110.91
2015-01-23,248.18,95.55,110.91
2015-01-24,240.93,89.55,110.91
2015-01-25,216.35,83.91,110.91
2015-01-26,230.4,94.9,110.91
2015-01-27,225.49,92.58,110.91
2015-01-28,255.15,102.69,110.91
2015-01-29,262.88,105.51,110.91
2015-01-30,247.36,97.31,110.91
2015-01-31,247.57,89.2,110.91
2015-02-01,254.38,92.85,137.76
2015-02-02,275.01,99.47,137.76
2015-02-03,281.22,100.59,137.76
2015-02-04,272.91,101.79,137.76
2015-02-05,237.54,98.83,137.76
2015-02-06,236.77,98.02,137.76
2015-02-07,225.01,87.19,137.76
2015-02-08,221.94,82.69,137.76
2015-02-09,219.99,87.59,137.76
2015-02-10,238.61,91.19,137.76
2015-02-11,234.98,92.34,137.76
2015-02-12,227.01,91.77,137.76
2015-02-13,230.64,95.06,137.76
2015-02-14,205.41,86.1,137.76
2015-02-15,200.61,77.12,137.76
2015-02-16,220.66,89.4,137.76
2015-02-17,226.21,88.44,137.76
2015-02-18,204.49,87.77,137.76
2015-02-19,209.24,88.46,137.76
2015-02-20,221.49,88.28,137.76
2015-02-21,223.02,86.25,137.76
2015-02-22,240.3,90.45,137.76
2015-02-23,254.98,98.2,137.76
2015-02-24,247.38,99.43,137.76
2015-02-25,225.99,96.2,137.76
2015-02-26,223.74,92.53,137.76
2015-02-27,228.15,87.68,137.76
2015-02-28,212.31,84.39,137.76
2015-03-01,224.15,86.59,114.78
2015-03-02,246.29,97.61,114.78
2015-03-03,249.53,97.78,114.78
2015-03-04,227.92,96.02,114.78
2015-03-05,215.24,86.78,114.78
2015-03-06,205.54,86.11,114.78
2015-03-07,184.67,81.81,114.78
2015-03-08,194.12,76.34,114.78
2015-03-09,229.7,91.04,114.78
2015-03-10,214.61,85.53,114.78
2015-03-11,229.91,88.52,114.78
2015-03-12,233.84,91.79,114.78
2015-03-13,207.87,91.21,114.78
2015-03-14,217.13,84.17,114.78
2015-03-15,219.94,83.54,114.78
2015-03-16,225.44,91.54,114.78
2015-03-17,215.74,91.17,114.78
2015-03-18,193.32,88.6,114.78
2015-03-19,187.56,87.61,114.78
2015-03-20,175.46,79.24,114.78
2015-03-21,165.91,78.92,114.78
2015-03-22,171.96,72.19,114.78
2015-03-23,179.41,80.25,114.78
2015-03-24,188.92,85.69,114.78
2015-03-25,186.72,85.27,114.78
2015-03-26,200.01,91.73,114.78
2015-03-27,188.56,82.39,114.78
2015-03-28,171.74,81.06,114.78
2015-03-29,185.96,80.33,114.78
2015-03-30,212.59,88.74,114.78
2015-03-31,217.59,95.58,114.78
2015-04-01,213.88,91.51,128.53
2015-04-02,189.66,86.18,128.53
2015-04-03,185.09,84.41,128.53
2015-04-04,151.39,73.67,128.53
2015-04-05,126.76,68.56,128.53
2015-04-06,134.28,72.23,128.53
2015-04-07,143.86,75.69,128.53
2015-04-08,137.53,77.59,128.53
2015-04-09,124.69,74.34,128.53
2015-04-10,120.71,74.62,128.53
2015-04-11,143.37,69.21,128.53
2015-04-12,159.76,72.45,128.53
2015-04-13,167.3,77.7,128.53
2015-04-14,153.51,76.38,128.53
2015-04-15,147.53,74.25,128.53
2015-04-16,142.8,78.23,128.53
2015-04-17,139.23,78.17,128.53
2015-04-18,127.04,73.97,128.53
2015-04-19,141.76,70.86,128.53
2015-04-20,138.51,76.29,128.53
2015-04-21,118.83,76.06,128.53
2015-04-22,108.34,76.45,128.53
2015-04-23,102.44,72.02,128.53
2015-04-24,117.72,73.1,128.53
2015-04-25,128.29,66.63,128.53
2015-04-26,152.91,65.62,128.53
2015-04-27,186.5,77.47,128.53
2015-04-28,187.91,83.61,128.53
2015-04-29,188.38,82.73,128.53
2015-04-30,164.8,77.8,128.53
2015-05-01,161.25,78.25,123.85
2015-05-02,168.94,69.96,123.85
2015-05-03,179.2,73.1,123.85
2015-05-04,134.82,72.08,123.85
2015-05-05,168.42,82.78,123.85
2015-05-06,159.96,78.51,123.85
2015-05-07,158.77,75.5,123.85
2015-05-08,153.95,78.12,123.85
2015-05-09,131.8,73.04,123.85
2015-05-10,139.36,65.58,123.85
2015-05-11,125.37,68.83,123.85
2015-05-12,144.99,70.17,123.85
2015-05-13,138.69,73.07,123.85
2015-05-14,143.95,77.55,123.85
2015-05-15,143.38,72.78,123.85
2015-05-16,133.88,64.41,123.85
2015-05-17,143.7,63.82,123.85
2015-05-18,145.73,80.11,123.85
2015-05-19,137.08,78.21,123.85
2015-05-20,125.94,73.41,123.85
2015-05-21,133.68,70.92,123.85
2015-05-22,118.22,67.28,123.85
2015-05-23,101.03,64.69,123.85
2015-05-24,114.22,58.63,123.85
2015-05-25,113.08,68.09,123.85
2015-05-26,118.16,69.12,123.85
2015-05-27,140.81,75.46,123.85
2015-05-28,134.32,72.28,123.85
2015-05-29,130.36,73.75,123.85
2015-05-30,115.68,63.93,123.85
2015-05-31,129.83,64.99,123.85
2015-06-01,150.91,72.7,131.11
2015-06-02,145.21,74.48,131.11
2015-06-03,123.96,71.55,131.11
2015-06-04,116.61,73.96,131.11
2015-06-05,108.77,69.81,131.11
2015-06-06,122.93,60.39,131.11
2015-06-07,113.47,56.72,131.11
2015-06-08,111.27,72.27,131.11
2015-06-09,95.53,74.79,131.11
2015-06-10,84.7,75.21,131.11
2015-06-11,79.79,73.59,131.11
2015-06-12,78.55,70.09,131.11
2015-06-13,96.71,64.96,131.11
2015-06-14,100.42,64.01,131.11
2015-06-15,104.3,72.35,131.11
2015-06-16,100.68,70.83,131.11
2015-06-17,105.38,67.85,131.11
2015-06-18,124.11,69.6,131.11
2015-06-19,113.07,69.98,131.11
2015-06-20,93.51,64.44,131.11
2015-06-21,100.24,64.03,131.11
2015-06-22,106.54,72.67,131.11
2015-06-23,99.82,72.72,131.11
2015-06-24,102.84,73.96,131.11
2015-06-25,94.65,72.49,131.11
2015-06-26,89.93,69.52,131.11
2015-06-27,76.92,62.74,131.11
2015-06-28,80.44,61.05,131.11
2015-06-29,82.38,69.69,131.11
2015-06-30,74.24,71.46,131.11
2015-07-01,71.04,72.49,124.95
2015-07-02,77.07,69.88,124.95
2015-07-03,69.74,67.33,124.95
2015-07-04,71.41,72.37,124.95
2015-07-05,70.95,61.23,124.95
2015-07-06,77.28,67.52,124.95
2015-07-07,76.47,67.62,124.95
2015-07-08,81.12,68.23,124.95
2015-07-09,82.64,66.97,124.95
2015-07-10,78.56,64.19,124.95
2015-07-11,71.49,58.15,124.95
2015-07-12,73.73,57.09,124.95
2015-07-13,80.76,68.97,124.95
2015-07-14,78.23,67.62,124.95
2015-07-15,77.7,67.11,124.95
2015-07-16,78.91,67.07,124.95
2015-07-17,80.55,62.93,124.95
2015-07-18,80.27,54.35,124.95
2015-07-19,78.46,60.58,124.95
2015-07-20,85.16,66.77,124.95
2015-07-21,84.09,67.94,124.95
2015-07-22,84.45,66.81,124.95
2015-07-23,87.37,61.91,124.95
2015-07-24,81.61,66.1,124.95
2015-07-25,78.85,63.77,124.95
2015-07-26,81.46,62.39,124.95
2015-07-27,99.81,71.66,124.95
2015-07-28,102.54,75.37,124.95
2015-07-29,86.44,68.88,124.95
2015-07-30,83.38,68.18,124.95
2015-07-31,92.55,65.14,124.95
2015-08-01,86.1,59.94,126.75
2015-08-02,86.66,61.78,126.75
2015-08-03,78.68,64.4,126.75
2015-08-04,85.85,64.01,126.75
2015-08-05,86.16,67.77,126.75
2015-08-06,78.76,66.54,126.75
2015-08-07,76.09,65.1,126.75
2015-08-08,73.7,56.91,126.75
2015-08-09,77.98,58.1,126.75
2015-08-10,80.95,66.89,126.75
2015-08-11,84.84,67.58,126.75
2015-08-12,81.43,70.52,126.75
2015-08-13,77.83,71.56,126.75
2015-08-14,84.44,71.28,126.75
2015-08-15,80.34,61.74,126.75
2015-08-16,74.4,62.28,126.75
2015-08-17,76.59,69.59,126.75
2015-08-18,81.32,72.17,126.75
2015-08-19,79.96,70.98,126.75
2015-08-20,78.67,69.17,126.75
2015-08-21,74.12,65.91,126.75
2015-08-22,73.57,64.4,126.75
2015-08-23,70.23,56.6,126.75
2015-08-24,76.31,69.16,126.75
2015-08-25,74.18,72.17,126.75
2015-08-26,78.21,74.31,126.75
2015-08-27,83.16,68.81,126.75
2015-08-28,78.51,67.68,126.75
2015-08-29,70.54,59.12,126.75
2015-08-30,72.82,61.04,126.75
2015-08-31,80.84,71.39,126.75
2015-09-01,87.11,70.82,126.45
2015-09-02,91.94,69.27,126.45
2015-09-03,95.3,69.22,126.45
2015-09-04,96.09,70.89,126.45
2015-09-05,85.03,64.79,126.45
2015-09-06,79.33,62.17,126.45
2015-09-07,84.25,73.27,126.45
2015-09-08,91.2,74.51,126.45
2015-09-09,97.96,74.97,126.45
2015-09-10,87.16,73.43,126.45
2015-09-11,83.94,70.63,126.45
2015-09-12,101.08,65.83,126.45
2015-09-13,100.49,65.02,126.45
2015-09-14,112.56,75.32,126.45
2015-09-15,109.34,75.45,126.45
2015-09-16,108.64,76.48,126.45
2015-09-17,106.36,76.17,126.45
2015-09-18,97.84,74.14,126.45
2015-09-19,99.06,67.63,126.45
2015-09-20,98.77,67.27,126.45
2015-09-21,104.28,76.5,126.45
2015-09-22,110.54,74.63,126.45
2015-09-23,120.43,76.06,126.45
2015-09-24,125.48,71.37,126.45
2015-09-25,115.22,68.8,126.45
2015-09-26,106.62,68.56,126.45
2015-09-27,103.95,66.22,126.45
2015-09-28,113.01,73.25,126.45
2015-09-29,104.59,76.03,126.45
2015-09-30,108.04,79.95,126.45
2015-10-01,110.28,78.24,124.29
2015-10-02,115.03,74.37,124.29
2015-10-03,116.27,70.78,124.29
2015-10-04,128.08,71.96,124.29
2015-10-05,139.99,79.57,124.29
2015-10-06,111.83,79.28,124.29
2015-10-07,125.32,79.24,124.29
2015-10-08,130.02,77.49,124.29
2015-10-09,127.48,77.21,124.29
2015-10-10,115.27,73.04,124.29
2015-10-11,121.58,70.19,124.29
2015-10-12,134.24,74.35,124.29
2015-10-13,136.56,81.46,124.29
2015-10-14,142.79,81.81,124.29
2015-10-15,154.81,83.46,124.29
2015-10-16,153.15,84.18,124.29
2015-10-17,146.46,78.56,124.29
2015-10-18,138.6,74.5,124.29
2015-10-19,158.05,83,124.29
2015-10-20,150.19,78.74,124.29
2015-10-21,134.72,73.52,124.29
2015-10-22,147.1,72.41,124.29
2015-10-23,147.87,73.74,124.29
2015-10-24,150.69,68.67,124.29
2015-10-25,161.77,72.6,124.29
2015-10-26,162.49,82.32,124.29
2015-10-27,152.97,81.92,124.29
2015-10-28,149.35,83.77,124.29
2015-10-29,154.82,82.36,124.29
2015-10-30,155.02,86.13,124.29
2015-10-31,130.57,68.67,124.29
2015-11-01,138.14,70.66,132.44
2015-11-02,154.75,100.54,132.44
2015-11-03,163.73,85.83,132.44
2015-11-04,158.13,86.77,132.44
2015-11-05,148.26,88.07,132.44
2015-11-06,142.57,81.85,132.44
2015-11-07,152.53,79.21,132.44
2015-11-08,159.85,70.58,132.44
2015-11-09,168.7,82.32,132.44
2015-11-10,147.12,82.11,132.44
2015-11-11,165.46,83.1,132.44
2015-11-12,179.84,78.48,132.44
2015-11-13,201.6,81.4,132.44
2015-11-14,192.2,79.98,132.44
2015-11-15,169.01,82.18,132.44
2015-11-16,195.89,77.81,132.44
2015-11-17,206.59,85.91,132.44
2015-11-18,197.05,87.65,132.44
2015-11-19,192.73,82.52,132.44
2015-11-20,213.49,86.98,132.44
2015-11-21,225.22,86.71,132.44
2015-11-22,214.24,82.18,132.44
2015-11-23,221.16,86.2,132.44
2015-11-24,208.59,87.17,132.44
2015-11-25,206.41,89.26,132.44
2015-11-26,181.85,83.37,132.44
2015-11-27,193.46,82.99,132.44
2015-11-28,214.81,80.01,132.44
2015-11-29,227.44,84.2,132.44
2015-11-30,246.86,95.7,132.44
2015-12-01,235.24,93.6,125.56
2015-12-02,212.8,86.93,125.56
2015-12-03,242.46,97.6,125.56
2015-12-04,237.08,86.43,125.56
2015-12-05,210.49,84.53,125.56
2015-12-06,226.98,79.99,125.56
2015-12-07,213.93,86.81,125.56
2015-12-08,211.04,81.84,125.56
2015-12-09,221.51,83.35,125.56
2015-12-10,237.67,85.59,125.56
2015-12-11,237.9,87.08,125.56
2015-12-12,232.11,88.64,125.56
2015-12-13,256.13,87.66,125.56
2015-12-14,260.6,94.51,125.56
2015-12-15,240.52,90.1,125.56
2015-12-16,196.08,88.67,125.56
2015-12-17,175.51,80.96,125.56
2015-12-18,177.25,76.86,125.56
2015-12-19,143.15,70.14,125.56
2015-12-20,168.81,71.46,125.56
2015-12-21,201.69,79.17,125.56
2015-12-22,187.02,79.75,125.56
2015-12-23,209.08,78.37,125.56
2015-12-24,203.58,79.57,125.56
2015-12-25,203.24,74.2,125.56
2015-12-26,201.97,77.79,125.56
2015-12-27,194.56,74.6,125.56
2015-12-28,178.3,73.08,125.56
2015-12-29,178.07,72.76,125.56
2015-12-30,181.23,80.47,125.56
2015-12-31,209.21,84.63,125.56
2016-01-01,212.22,71.76,115.39
2016-01-02,191,73.35,115.39
2016-01-03,193.4,70,115.39
2016-01-04,219.17,73.81,115.39
2016-01-05,238.15,79.42,115.39
2016-01-06,243.37,82.39,115.39
2016-01-07,247.07,87.77,115.39
2016-01-08,266.46,93.64,115.39
2016-01-09,251.94,87.49,115.39
2016-01-10,243.58,83.46,115.39
2016-01-11,246.67,89.01,115.39
2016-01-12,253.83,95.8,115.39
2016-01-13,270.59,95.43,115.39
2016-01-14,279.83,97.75,115.39
2016-01-15,284.77,96.52,115.39
2016-01-16,299.21,91.24,115.39
2016-01-17,278.36,89.59,115.39
2016-01-18,282.24,99.71,115.39
2016-01-19,274.34,96.59,115.39
2016-01-20,269.68,97.28,115.39
2016-01-21,265.61,93.45,115.39
2016-01-22,223.22,82.17,115.39
2016-01-23,203.33,76.43,115.39
2016-01-24,171.28,73.96,115.39
2016-01-25,187.76,79.22,115.39
2016-01-26,204.67,83.6,115.39
2016-01-27,231.79,95.53,115.39
2016-01-28,240.95,85.53,115.39
2016-01-29,233.66,87.13,115.39
2016-01-30,253.76,80.24,115.39
2016-01-31,245.73,87.57,115.39
2016-02-01,247.42,88.41,132.27
2016-02-02,259.87,91.34,132.27
2016-02-03,255.58,96.45,132.27
2016-02-04,236.01,91.5,132.27
2016-02-05,212.63,84.61,132.27
2016-02-06,215.94,82.72,132.27
2016-02-07,232.43,78.43,132.27
2016-02-08,239.08,95.28,132.27
2016-02-09,243.67,92.19,132.27
2016-02-10,251.48,92.58,132.27
2016-02-11,258.84,91.21,132.27
2016-02-12,264.01,89.67,132.27
2016-02-13,267.81,85.93,132.27
2016-02-14,266.84,84.76,132.27
2016-02-15,269.3,94.48,132.27
2016-02-16,270.2,83.91,132.27
2016-02-17,266.93,97.05,132.27
2016-02-18,266.06,92.36,132.27
2016-02-19,248.22,85.47,132.27
2016-02-20,232.5,76.43,132.27
2016-02-21,230.12,76.85,132.27
2016-02-22,244.65,85.36,132.27
2016-02-23,264.85,90.36,132.27
2016-02-24,272.98,92.44,132.27
2016-02-25,272.72,95.13,132.27
2016-02-26,263.4,95.35,132.27
2016-02-27,250.88,89.08,132.27
2016-02-28,244.99,86.07,132.27
2016-02-29,253.79,84.53,132.27
2016-03-01,220,84.48,123.14
2016-03-02,240.71,90,123.14
2016-03-03,242.9,92.27,123.14
2016-03-04,242.98,85.6,123.14
2016-03-05,230.63,83.07,123.14
2016-03-06,243.37,83.65,123.14
2016-03-07,246.45,92.21,123.14
2016-03-08,242.58,84.85,123.14
2016-03-09,237.24,93.27,123.14
2016-03-10,239.45,89.64,123.14
2016-03-11,233.28,82.27,123.14
2016-03-12,201.76,72.08,123.14
2016-03-13,190.85,75.93,123.14
2016-03-14,196.08,84.4,123.14
2016-03-15,224.71,85.68,123.14
2016-03-16,227.09,89.12,123.14
2016-03-17,222.91,88.16,123.14
2016-03-18,229.11,87.54,123.14
2016-03-19,203.71,80.38,123.14
2016-03-20,190.5,74.43,123.14
2016-03-21,204.65,80.23,123.14
2016-03-22,192.15,82.18,123.14
2016-03-23,217.4,83.52,123.14
2016-03-24,205.38,79.86,123.14
2016-03-25,181.66,70.64,123.14
2016-03-26,175.57,68.86,123.14
2016-03-27,176.06,64.57,123.14
2016-03-28,183.03,78.62,123.14
2016-03-29,210.74,83.56,123.14
2016-03-30,208.26,84.6,123.14
2016-03-31,199.2,82.35,123.14
2016-04-01,203.06,76.47,131.52
2016-04-02,160.9,77.34,131.52
2016-04-03,165.6,73.69,131.52
2016-04-04,200.92,81.8,131.52
2016-04-05,183.16,79.65,131.52
2016-04-06,182.44,80.51,131.52
2016-04-07,188.2,80.47,131.52
2016-04-08,180.78,78.49,131.52
2016-04-09,164.27,71.57,131.52
2016-04-10,166.21,74.2,131.52
2016-04-11,189.86,74.92,131.52
2016-04-12,211.92,73.78,131.52
2016-04-13,212.23,76.78,131.52
2016-04-14,196.46,81.36,131.52
2016-04-15,214.61,80.6,131.52
2016-04-16,205.58,75.36,131.52
2016-04-17,200.26,66.14,131.52
2016-04-18,185.8,68.84,131.52
2016-04-19,173.4,77.62,131.52
2016-04-20,156.54,80.96,131.52
2016-04-21,151.72,78.72,131.52
2016-04-22,169.06,79.24,131.52
2016-04-23,170.97,71.74,131.52
2016-04-24,170.14,69.69,131.52
2016-04-25,190.76,75.51,131.52
2016-04-26,211.02,80.61,131.52
2016-04-27,199.82,82.37,131.52
2016-04-28,219.65,85.06,131.52
2016-04-29,218.17,82.07,131.52
2016-04-30,176.66,73.92,131.52
2016-05-01,159.58,65.11,124.19
2016-05-02,156.39,66.95,124.19
2016-05-03,156.5,71.94,124.19
2016-05-04,156.36,70.76,124.19
2016-05-05,133.13,70.46,124.19
2016-05-06,121.31,75.24,124.19
2016-05-07,127.75,64.18,124.19
2016-05-08,112.91,67.29,124.19
2016-05-09,113.94,71.88,124.19
2016-05-10,112.64,68.82,124.19
2016-05-11,113,68.87,124.19
2016-05-12,113.15,68.82,124.19
2016-05-13,141.73,73.17,124.19
2016-05-14,126.15,66.77,124.19
2016-05-15,116.92,65.11,124.19
2016-05-16,124.97,73.19,124.19
2016-05-17,124.31,75.34,124.19
2016-05-18,124.76,76.77,124.19
2016-05-19,137.97,74.65,124.19
2016-05-20,117.27,70.07,124.19
2016-05-21,95.47,63.67,124.19
2016-05-22,98.5,64.68,124.19
2016-05-23,111.33,72.23,124.19
2016-05-24,115.85,72.68,124.19
2016-05-25,123.7,71.13,124.19
2016-05-26,132.71,71.6,124.19
2016-05-27,138.49,74.53,124.19
2016-05-28,108.66,67.34,124.19
2016-05-29,102.66,67.34,124.19
2016-05-30,100.22,75.85,124.19
2016-05-31,91.19,77.88,124.19
2016-06-01,90.13,75.39,135.01
2016-06-02,95.99,73.95,135.01
2016-06-03,97.87,71.85,135.01
2016-06-04,80.4,63.29,135.01
2016-06-05,79.05,64.91,135.01
2016-06-06,83.64,71.02,135.01
2016-06-07,90.06,70.83,135.01
2016-06-08,99.63,71.4,135.01
2016-06-09,93.61,70.6,135.01
2016-06-10,103.01,70.85,135.01
2016-06-11,110.61,66.08,135.01
2016-06-12,108.03,66.31,135.01
2016-06-13,120.53,72.44,135.01
2016-06-14,112.93,72.91,135.01
2016-06-15,118.34,70.03,135.01
2016-06-16,125.59,72.32,135.01
2016-06-17,124.43,70.31,135.01
2016-06-18,104.4,66.19,135.01
2016-06-19,90.75,64.25,135.01
2016-06-20,103.44,69.04,135.01
2016-06-21,96.74,69.06,135.01
2016-06-22,86.34,68.43,135.01
2016-06-23,78.5,70.46,135.01
2016-06-24,79.03,72.15,135.01
2016-06-25,76.49,65.94,135.01
2016-06-26,81.99,63.87,135.01
2016-06-27,94.16,63.77,135.01
2016-06-28,108.52,71.35,135.01
2016-06-29,103.21,75.67,135.01
2016-06-30,95.81,68.55,135.01
2016-07-01,92.06,70.55,126.03
2016-07-02,90.44,62.46,126.03
2016-07-03,94.6,57.44,126.03
2016-07-04,103.43,73.58,126.03
2016-07-05,104.64,72.39,126.03
2016-07-06,102.74,70.04,126.03
2016-07-07,78.11,66.31,126.03
2016-07-08,75.29,66.54,126.03
2016-07-09,88.14,65.08,126.03
2016-07-10,90.66,64.6,126.03
2016-07-11,92.33,71.87,126.03
2016-07-12,84.94,68.68,126.03
2016-07-13,81.02,69.61,126.03
2016-07-14,77.57,70.93,126.03
2016-07-15,79.28,67.58,126.03
2016-07-16,80.16,57.09,126.03
2016-07-17,84.02,59.3,126.03
2016-07-18,73.61,65.86,126.03
2016-07-19,76.18,71.47,126.03
2016-07-20,71.98,72.86,126.03
2016-07-21,82.55,68.98,126.03
2016-07-22,78.4,67.79,126.03
2016-07-23,80.09,64.3,126.03
2016-07-24,82.65,67.28,126.03
2016-07-25,90.6,65.26,126.03
2016-07-26,94.36,70.38,126.03
2016-07-27,35.02,67.43,126.03
2016-07-28,84.44,71.72,126.03
2016-07-29,81.18,69.94,126.03
2016-07-30,84.37,61.57,126.03
2016-07-31,72.35,59.75,126.03
2016-08-01,66.96,69.83,126.64
2016-08-02,67.18,71.29,126.64
2016-08-03,66.35,74.19,126.64
2016-08-04,68.88,71.45,126.64
2016-08-05,72.38,69.4,126.64
2016-08-06,66.62,61.05,126.64
2016-08-07,59.38,53.23,126.64
2016-08-08,68.14,59.35,126.64
2016-08-09,71.44,68.95,126.64
2016-08-10,87.35,72.85,126.64
2016-08-11,81.39,68.66,126.64
2016-08-12,77.04,62.44,126.64
2016-08-13,68.31,59.36,126.64
2016-08-14,64.28,65.46,126.64
2016-08-15,64.67,68.73,126.64
2016-08-16,64.35,69.17,126.64
2016-08-17,65.69,68.84,126.64
2016-08-18,68.63,69.8,126.64
2016-08-19,77.19,68.24,126.64
2016-08-20,73.15,71.18,126.64
2016-08-21,62.48,66.96,126.64
2016-08-22,73.66,73.53,126.64
2016-08-23,80.06,73.65,126.64
2016-08-24,71.54,71.36,126.64
2016-08-25,79.38,72.44,126.64
2016-08-26,74.26,66.56,126.64
2016-08-27,70.06,65.6,126.64
2016-08-28,68.15,66.03,126.64
2016-08-29,76.09,65.71,126.64
2016-08-30,74.77,61.13,126.64
2016-08-31,78.61,64.74,126.64
2016-09-01,82.68,66.65,130.97
2016-09-02,77.88,68.5,130.97
2016-09-03,76.04,67.03,130.97
2016-09-04,70.78,67.52,130.97
2016-09-05,77.15,67.22,130.97
2016-09-06,74.37,67.16,130.97
2016-09-07,70.94,71.62,130.97
2016-09-08,78.98,69.6,130.97
2016-09-09,85.75,65.16,130.97
2016-09-10,78.48,59.05,130.97
2016-09-11,80.14,62.48,130.97
2016-09-12,76.46,62.47,130.97
2016-09-13,75.77,71.68,130.97
2016-09-14,82.27,68.37,130.97
2016-09-15,75.79,72.35,130.97
2016-09-16,78.47,70.24,130.97
2016-09-17,76.3,66,130.97
2016-09-18,82.27,59.61,130.97
2016-09-19,85.66,70.41,130.97
2016-09-20,88.17,71.46,130.97
2016-09-21,95.52,69.82,130.97
2016-09-22,93.42,85.48,130.97
2016-09-23,103.51,63.89,130.97
2016-09-24,92.63,56.42,130.97
2016-09-25,94.92,59.66,130.97
2016-09-26,116.36,70.82,130.97
2016-09-27,110.26,63.76,130.97
2016-09-28,111.06,66.65,130.97
2016-09-29,121.32,65.12,130.97
2016-09-30,119.62,71.73,130.97
2016-10-01,117.56,69.78,128.16
2016-10-02,118.42,68.22,128.16
2016-10-03,123.46,69.06,128.16
2016-10-04,118.42,73.5,128.16
2016-10-05,118.34,72.41,128.16
2016-10-06,121.64,74.55,128.16
2016-10-07,124.66,75.81,128.16
2016-10-08,115.96,69.4,128.16
2016-10-09,121.28,70.13,128.16
2016-10-10,143.05,77.54,128.16
2016-10-11,144.71,77.31,128.16
2016-10-12,154.16,80.38,128.16
2016-10-13,160.94,78.12,128.16
2016-10-14,153.66,74.71,128.16
2016-10-15,140.2,69.69,128.16
2016-10-16,139.41,69.27,128.16
2016-10-17,157.42,74.84,128.16
2016-10-18,167.2,79.99,128.16
2016-10-19,154.01,82.09,128.16
2016-10-20,154.12,81.76,128.16
2016-10-21,163.66,79.69,128.16
2016-10-22,170.98,75.01,128.16
2016-10-23,177.34,74.44,128.16
2016-10-24,190.72,84.8,128.16
2016-10-25,179.12,81.94,128.16
2016-10-26,171.94,73.66,128.16
2016-10-27,161.88,73.27,128.16
2016-10-28,181.55,76.39,128.16
2016-10-29,173.85,72.22,128.16
2016-10-30,161.72,73.6,128.16
2016-10-31,160.96,80.72,128.16
2016-11-01,184.78,81.62,134.52
2016-11-02,200.48,85.84,134.52
2016-11-03,202.63,84.87,134.52
2016-11-04,203.07,82.07,134.52
2016-11-05,195.87,72.5,134.52
2016-11-06,201.45,74.96,134.52
2016-11-07,231.82,91.11,134.52
2016-11-08,246.74,91.2,134.52
2016-11-09,244.99,97.74,134.52
2016-11-10,232.02,90.88,134.52
2016-11-11,230.58,83.49,134.52
2016-11-12,192.02,78.72,134.52
2016-11-13,202.37,77.01,134.52
2016-11-14,166.35,76.26,134.52
2016-11-15,175.61,77.66,134.52
2016-11-16,204.4,78.08,134.52
2016-11-17,225.33,91.81,134.52
2016-11-18,241.47,96.41,134.52
2016-11-19,241.71,88.24,134.52
2016-11-20,255.68,93.29,134.52
2016-11-21,274.7,100.15,134.52
2016-11-22,249.62,90.08,134.52
2016-11-23,271.58,99.55,134.52
2016-11-24,283.62,105.14,134.52
2016-11-25,278.33,98.8,134.52
2016-11-26,242.11,88.32,134.52
2016-11-27,223,86.71,134.52
2016-11-28,240.94,97.87,134.52
2016-11-29,236.23,87.76,134.52
2016-11-30,219.78,81.26,134.52
2016-12-01,208.59,82.99,130.24
2016-12-02,220.67,92.02,130.24
2016-12-03,219.51,87.22,130.24
2016-12-04,236.59,89.87,130.24
2016-12-05,276.24,99.93,130.24
2016-12-06,251.49,93.5,130.24
2016-12-07,172.02,83.32,130.24
2016-12-08,171.16,84.46,130.24
2016-12-09,165.53,80.11,130.24
2016-12-10,177.14,71.46,130.24
2016-12-11,191.17,77.12,130.24
2016-12-12,208.03,90.46,130.24
2016-12-13,210.65,90.58,130.24
2016-12-14,191.3,83.17,130.24
2016-12-15,194.55,86.96,130.24
2016-12-16,197,88.29,130.24
2016-12-17,204.13,75.3,130.24
2016-12-18,181.92,77.52,130.24
2016-12-19,212.4,87.34,130.24
2016-12-20,224.04,85.99,130.24
2016-12-21,232.17,83.14,130.24
2016-12-22,244,80.49,130.24
2016-12-23,229.66,78.49,130.24
2016-12-24,213.35,78.59,130.24
2016-12-25,170.06,69.41,130.24
2016-12-26,217.25,72.12,130.24
2016-12-27,205.56,74.72,130.24
2016-12-28,200.53,77.39,130.24
2016-12-29,190.16,74.3,130.24
2016-12-30,169.83,66.52,130.24
2016-12-31,168.77,69.87,130.24
2017-01-01,196.63,71.68,111.62
2017-01-02,221.94,77.02,111.62
2017-01-03,205.41,70.53,111.62
2017-01-04,226.1,86.99,111.62
2017-01-05,253.57,91.17,111.62
2017-01-06,210.6,89.02,111.62
2017-01-07,200.2,83.09,111.62
2017-01-08,189.2,75.05,111.62
2017-01-09,216.57,78.11,111.62
2017-01-10,218.97,79.76,111.62
2017-01-11,249.88,83.05,111.62
2017-01-12,275.52,91.3,111.62
2017-01-13,277.69,93.42,111.62
2017-01-14,253.74,89.63,111.62
2017-01-15,208.24,77.87,111.62
2017-01-16,204.83,85,111.62
2017-01-17,198.69,83.22,111.62
2017-01-18,208.17,79.78,111.62
2017-01-19,216.18,84.54,111.62
2017-01-20,223.45,91.7,111.62
2017-01-21,225.81,85.18,111.62
2017-01-22,232.47,86.69,111.62
2017-01-23,250.26,89.39,111.62
2017-01-24,223.21,80.63,111.62
2017-01-25,213.4,74.57,111.62
2017-01-26,252.8,90.88,111.62
2017-01-27,264.88,93,111.62
2017-01-28,254.45,90.98,111.62
2017-01-29,245.81,86.34,111.62
2017-01-30,258.55,88.21,111.62
2017-01-31,235.97,88.76,111.62
2017-02-01,204.94,89.28,145.77
2017-02-02,205.27,86.26,145.77
2017-02-03,188.46,83.46,145.77
2017-02-04,209.03,73.64,145.77
2017-02-05,218.75,84.07,145.77
2017-02-06,239.8,85.78,145.77
2017-02-07,239.22,91.95,145.77
2017-02-08,238.04,90.23,145.77
2017-02-09,252.58,96.29,145.77
2017-02-10,258.07,98.18,145.77
2017-02-11,252.94,84.5,145.77
2017-02-12,251.46,84.01,145.77
2017-02-13,252.36,90.96,145.77
2017-02-14,243.9,88.62,145.77
2017-02-15,227.62,90.3,145.77
2017-02-16,216.16,81.36,145.77
2017-02-17,208.64,85.46,145.77
2017-02-18,181.9,68.64,145.77
2017-02-19,176.73,68,145.77
2017-02-20,182.47,71.35,145.77
2017-02-21,202.45,78.42,145.77
2017-02-22,209.73,79.73,145.77
2017-02-23,242.25,96.55,145.77
2017-02-24,223.92,86.8,145.77
2017-02-25,193.09,76.4,145.77
2017-02-26,207.05,74.7,145.77
2017-02-27,235.79,89.27,145.77
2017-02-28,244.74,90.87,145.77
2017-03-01,244.65,89.83,116.94
2017-03-02,247.79,88.94,116.94
2017-03-03,246.26,90.05,116.94
2017-03-04,228,81.85,116.94
2017-03-05,211.04,83.21,116.94
2017-03-06,218.34,86.7,116.94
2017-03-07,226.95,83.86,116.94
2017-03-08,216.35,77.71,116.94
2017-03-09,202.9,80.52,116.94
2017-03-10,203.71,84.59,116.94
2017-03-11,182.54,74.83,116.94
2017-03-12,180.96,72.44,116.94
2017-03-13,189.39,75.15,116.94
2017-03-14,177.13,70.04,116.94
2017-03-15,190.43,77.22,116.94
2017-03-16,183.66,73.88,116.94
2017-03-17,211.38,84.89,116.94
2017-03-18,185.81,81.03,116.94
2017-03-19,163.99,73.37,116.94
2017-03-20,203.42,77.93,116.94
2017-03-21,231.28,86.93,116.94
2017-03-22,248.27,87.87,116.94
2017-03-23,234.36,90.55,116.94
2017-03-24,208.84,87.59,116.94
2017-03-25,166.41,75.67,116.94
2017-03-26,163.07,73.84,116.94
2017-03-27,164.86,80.68,116.94
2017-03-28,185.68,87.05,116.94
2017-03-29,177.36,86.16,116.94
2017-03-30,157.56,78.86,116.94
2017-03-31,151.25,72.66,116.94
2017-04-01,144.02,69.52,136.87
2017-04-02,133.21,64.3,136.87
2017-04-03,164.76,68.38,136.87
2017-04-04,158.43,67.37,136.87
2017-04-05,167.65,70.83,136.87
2017-04-06,170.99,70.48,136.87
2017-04-07,169.13,71.5,136.87
2017-04-08,142.71,66.87,136.87
2017-04-09,153,67.43,136.87
2017-04-10,166.9,70.17,136.87
2017-04-11,177.01,66.55,136.87
2017-04-12,157.36,69.11,136.87
2017-04-13,163.46,74.01,136.87
2017-04-14,162.58,76.06,136.87
2017-04-15,157.55,65.2,136.87
2017-04-16,167.41,74.08,136.87
2017-04-17,168.21,74.45,136.87
2017-04-18,177.5,82.81,136.87
2017-04-19,154.62,76.84,136.87
2017-04-20,140.67,70.51,136.87
2017-04-21,140.94,67.45,136.87
2017-04-22,143.98,68.97,136.87
2017-04-23,144.65,63.42,136.87
2017-04-24,177.05,75.17,136.87
2017-04-25,197.57,76.88,136.87
2017-04-26,186.22,83.94,136.87
2017-04-27,157.43,74.32,136.87
2017-04-28,148.68,76.39,136.87
2017-04-29,143.69,70.33,136.87
2017-04-30,135.75,65.79,136.87
2017-05-01,138.74,70.92,122.86
2017-05-02,135.62,76.11,122.86
2017-05-03,124.05,76.28,122.86
2017-05-04,127.49,75.43,122.86
2017-05-05,122.87,74.36,122.86
2017-05-06,114.46,66.43,122.86
2017-05-07,126.15,64.71,122.86
2017-05-08,140.46,73.87,122.86
2017-05-09,132.75,72.78,122.86
2017-05-10,138.8,72.88,122.86
2017-05-11,129.86,72.03,122.86
2017-05-12,130.76,70.46,122.86
2017-05-13,117.01,71.16,122.86
2017-05-14,101.36,61.49,122.86
2017-05-15,123.46,74.31,122.86
2017-05-16,111.05,67.4,122.86
2017-05-17,116.44,69.03,122.86
2017-05-18,112.06,70.07,122.86
2017-05-19,120.49,71.41,122.86
2017-05-20,122.15,67.22,122.86
2017-05-21,106.87,64.35,122.86
2017-05-22,127.01,73.57,122.86
2017-05-23,117.4,71.18,122.86
2017-05-24,105.12,68.56,122.86
2017-05-25,91.21,71.8,122.86
2017-05-26,88.67,73.06,122.86
2017-05-27,81.17,71.71,122.86
2017-05-28,85.44,59.62,122.86
2017-05-29,105.33,70.52,122.86
2017-05-30,93.16,68.93,122.86
2017-05-31,101.35,68.58,122.86
2017-06-01,93.53,68.9,133.05
2017-06-02,91.4,67.72,133.05
2017-06-03,93.66,65,133.05
2017-06-04,89.69,63.91,133.05
2017-06-05,94.72,78.03,133.05
2017-06-06,103.24,78.71,133.05
2017-06-07,96.98,68.98,133.05
2017-06-08,96.33,79.09,133.05
2017-06-09,87.97,67.06,133.05
2017-06-10,76.86,60.38,133.05
2017-06-11,80.96,58.64,133.05
2017-06-12,92.03,64.38,133.05
2017-06-13,97.74,67.91,133.05
2017-06-14,89,67.8,133.05
2017-06-15,94.35,67.64,133.05
2017-06-16,87.05,65.93,133.05
2017-06-17,78.21,56.48,133.05
2017-06-18,81.15,55.57,133.05
2017-06-19,91.79,66.31,133.05
2017-06-20,84.37,70.68,133.05
2017-06-21,89.57,72.59,133.05
2017-06-22,93.88,72.81,133.05
2017-06-23,78.09,60.16,133.05
2017-06-24,82.84,52.57,133.05
2017-06-25,85.59,54.51,133.05
2017-06-26,100.65,69.43,133.05
2017-06-27,105.16,69.48,133.05
2017-06-28,100.11,66.96,133.05
2017-06-29,96.44,63.33,133.05
2017-06-30,88.56,68.9,133.05
2017-07-01,84.16,58.25,127.63
2017-07-02,83.48,55.24,127.63
2017-07-03,96.22,64.76,127.63
2017-07-04,105.9,71.73,127.63
2017-07-05,99.46,68.83,127.63
2017-07-06,95.37,71.24,127.63
2017-07-07,89.19,66.82,127.63
2017-07-08,83.95,55.98,127.63
2017-07-09,87.89,59.65,127.63
2017-07-10,106.08,69.81,127.63
2017-07-11,98.63,69.64,127.63
2017-07-12,93.8,70.33,127.63
2017-07-13,93.37,65.88,127.63
2017-07-14,93.64,65.78,127.63
2017-07-15,72.16,56.43,127.63
2017-07-16,68.68,51.22,127.63
2017-07-17,74.59,58.39,127.63
2017-07-18,70.4,68.95,127.63
2017-07-19,60.56,65.39,127.63
2017-07-20,83.94,69.45,127.63
2017-07-21,70.56,67.1,127.63
2017-07-22,74.13,59.58,127.63
2017-07-23,68.3,62.43,127.63
2017-07-24,71.8,72.39,127.63
2017-07-25,75.49,72.92,127.63
2017-07-26,65.24,63.17,127.63
2017-07-27,76.32,64.63,127.63
2017-07-28,72.1,65.74,127.63
2017-07-29,69.12,55.95,127.63
2017-07-30,72.55,64.08,127.63
2017-07-31,91.53,72.06,127.63
2017-08-01,93.42,71.5,127.08
2017-08-02,82.68,75.06,127.08
2017-08-03,77.01,78.42,127.08
2017-08-04,79.69,67.21,127.08
2017-08-05,86.4,64.05,127.08
2017-08-06,76.41,63.55,127.08
2017-08-07,93.62,67.17,127.08
2017-08-08,91.51,69.76,127.08
2017-08-09,89.39,70.43,127.08
2017-08-10,85.89,63.87,127.08
2017-08-11,72.84,58.59,127.08
2017-08-12,81.43,66.11,127.08
2017-08-13,92.82,62.39,127.08
2017-08-14,96.87,68.83,127.08
2017-08-15,95.79,68.44,127.08
2017-08-16,82.11,63.59,127.08
2017-08-17,90.63,67.04,127.08
2017-08-18,85.41,66.96,127.08
2017-08-19,81.74,56.22,127.08
2017-08-20,98.49,61.17,127.08
2017-08-21,90.76,70.69,127.08
2017-08-22,74.04,71.97,127.08
2017-08-23,79.08,70.71,127.08
2017-08-24,80.26,71.86,127.08
2017-08-25,71.6,68.11,127.08
2017-08-26,66.29,62.41,127.08
2017-08-27,63.19,60.02,127.08
2017-08-28,70.68,59.87,127.08
2017-08-29,92.63,66.84,127.08
2017-08-30,101.33,69.71,127.08
2017-08-31,101.27,72.45,127.08
2017-09-01,95.51,70.98,131.19
2017-09-02,83.99,63.07,131.19
2017-09-03,83.8,61.44,131.19
2017-09-04,100.61,70.57,131.19
2017-09-05,103.65,72.09,131.19
2017-09-06,90.45,69.45,131.19
2017-09-07,90.55,72.37,131.19
2017-09-08,108.09,68.94,131.19
2017-09-09,102.63,68.23,131.19
2017-09-10,98.46,63.64,131.19
2017-09-11,101.72,69.33,131.19
2017-09-12,107.01,73.99,131.19
2017-09-13,127.69,82.06,131.19
2017-09-14,132.65,72.86,131.19
2017-09-15,126.82,70.73,131.19
2017-09-16,136.7,70.1,131.19
2017-09-17,125.8,66.52,131.19
2017-09-18,126.45,77.55,131.19
2017-09-19,126.1,73.71,131.19
2017-09-20,116.21,77.89,131.19
2017-09-21,120.87,75.72,131.19
2017-09-22,122.63,67.89,131.19
2017-09-23,101.86,59.2,131.19
2017-09-24,100.73,64.34,131.19
2017-09-25,104.88,71.15,131.19
2017-09-26,98.08,69.63,131.19
2017-09-27,90.66,67.15,131.19
2017-09-28,98.91,68.29,131.19
2017-09-29,103.99,67.89,131.19
2017-09-30,127.4,66.75,131.19
2017-10-01,122.71,59.67,125.38
2017-10-02,123.91,62.74,125.38
2017-10-03,129.41,63.69,125.38
2017-10-04,128.69,71.63,125.38
2017-10-05,129.59,74.24,125.38
2017-10-06,146.42,78.07,125.38
2017-10-07,135.38,62.82,125.38
2017-10-08,165.92,65.8,125.38
2017-10-09,157.67,69.45,125.38
2017-10-10,124.05,62.94,125.38
2017-10-11,125.86,69.81,125.38
2017-10-12,137.39,64.4,125.38
2017-10-13,109.53,59.93,125.38
2017-10-14,107.9,63.87,125.38
2017-10-15,132.08,54.15,125.38
2017-10-16,148.36,73.28,125.38
2017-10-17,154.55,67.25,125.38
2017-10-18,188.77,74.78,125.38
2017-10-19,179.36,75.56,125.38
2017-10-20,163.36,77.5,125.38
2017-10-21,141.62,71.25,125.38
2017-10-22,165.37,68.76,125.38
2017-10-23,189.7,75.35,125.38
2017-10-24,168.8,74.89,125.38
2017-10-25,137.56,65.18,125.38
2017-10-26,168,68.82,125.38
2017-10-27,184.11,71.24,125.38
2017-10-28,132.18,73.26,125.38
2017-10-29,185.4,87.66,125.38
2017-10-30,204.34,82.28,125.38
2017-10-31,181.16,74.63,125.38
2017-11-01,188.29,68.57,136.37
2017-11-02,208.02,81.13,136.37
2017-11-03,213.15,77.05,136.37
2017-11-04,202.94,71.18,136.37
2017-11-05,222.74,74.15,136.37
2017-11-06,201.56,75.35,136.37
2017-11-07,230.29,83.71,136.37
2017-11-08,203.34,77.53,136.37
2017-11-09,182.67,69.81,136.37
2017-11-10,217.22,76.56,136.37
2017-11-11,228.26,81.35,136.37
2017-11-12,231.57,77.29,136.37
2017-11-13,240.29,90.56,136.37
2017-11-14,233.3,87.63,136.37
2017-11-15,218.7,83.38,136.37
2017-11-16,201.76,73.25,136.37
2017-11-17,193.98,72.99,136.37
2017-11-18,201.35,71.6,136.37
2017-11-19,244.07,82.44,136.37
2017-11-20,248.24,92.63,136.37
2017-11-21,215.77,84.3,136.37
2017-11-22,243.86,95.36,136.37
2017-11-23,263.46,96.46,136.37
2017-11-24,281.42,96.48,136.37
2017-11-25,236.05,77.64,136.37
2017-11-26,236.39,78.94,136.37
2017-11-27,249,84.32,136.37
2017-11-28,253.84,95.52,136.37
2017-11-29,262.9,103.81,136.37
2017-11-30,266.26,119.45,136.37
2017-12-01,262.49,90.46,131.15
2017-12-02,227.9,82,131.15
2017-12-03,231.43,76.71,131.15
2017-12-04,234.8,101.5,131.15
2017-12-05,199.92,78.13,131.15
2017-12-06,176.34,73.62,131.15
2017-12-07,211.81,106.23,131.15
2017-12-08,241.9,128.9,131.15
2017-12-09,278.6,98.38,131.15
2017-12-10,313.61,97.19,131.15
2017-12-11,323.19,104.29,131.15
2017-12-12,319.57,110.41,131.15
2017-12-13,302.17,126.73,131.15
2017-12-14,298.35,129.01,131.15
2017-12-15,286.09,127.2,131.15
2017-12-16,278.5,120.72,131.15
2017-12-17,253.03,115.21,131.15
2017-12-18,265.92,117.24,131.15
2017-12-19,231.24,113.06,131.15
2017-12-20,239.62,115.54,131.15
2017-12-21,249.51,100.35,131.15
2017-12-22,227.93,96.55,131.15
2017-12-23,161.3,105.32,131.15
2017-12-24,157.6,107.71,131.15
2017-12-25,172.08,108.38,131.15
2017-12-26,240.72,107.58,131.15
2017-12-27,264.73,119.14,131.15
2017-12-28,231.66,118.93,131.15
2017-12-29,288.3,134.15,131.15
2017-12-30,259.74,111.73,131.15
2017-12-31,239.11,119.51,131.15
2018-01-01,238.28,121.38,114.69
2018-01-02,254.14,120.74,114.69
2018-01-03,253.59,134.7,114.69
2018-01-04,254.86,134.65,114.69
2018-01-05,272.03,125.17,114.69
2018-01-06,273.85,124.19,114.69
2018-01-07,297.7,130.66,114.69
2018-01-08,319.45,138.09,114.69
2018-01-09,309.06,133.18,114.69
2018-01-10,293.14,106.99,114.69
2018-01-11,300.02,95.63,114.69
2018-01-12,278.42,118.68,114.69
2018-01-13,255.34,126.79,114.69
2018-01-14,228.21,113.52,114.69
2018-01-15,268.81,133.36,114.69
2018-01-16,284.81,138.75,114.69
2018-01-17,292.67,141.73,114.69
2018-01-18,307.41,131.21,114.69
2018-01-19,292.77,126.4,114.69
2018-01-20,282.19,102.78,114.69
2018-01-21,291.66,110.47,114.69
2018-01-22,277.89,119.9,114.69
2018-01-23,222.48,116.22,114.69
2018-01-24,235.64,116.01,114.69
2018-01-25,274.27,102.82,114.69
2018-01-26,275.49,92.94,114.69
2018-01-27,213.81,109.64,114.69
2018-01-28,189.03,113.85,114.69
2018-01-29,233.79,118.75,114.69
2018-01-30,242.49,88.48,114.69
2018-01-31,256.75,86.27,114.69
2018-02-01,266.56,85.54,140.92
2018-02-02,278.45,92.4,140.92
2018-02-03,268.77,85.48,140.92
2018-02-04,272.93,88.47,140.92
2018-02-05,303.88,91.66,140.92
2018-02-06,319.13,94.6,140.92
2018-02-07,317.2,92.69,140.92
2018-02-08,288.64,91.37,140.92
2018-02-09,291.77,93.9,140.92
2018-02-10,258.99,78.84,140.92
2018-02-11,276.71,84.47,140.92
2018-02-12,291.33,87.6,140.92
2018-02-13,295.62,91.14,140.92
2018-02-14,273.15,84.56,140.92
2018-02-15,276.42,83.38,140.92
2018-02-16,255.13,80.25,140.92
2018-02-17,249.57,75.64,140.92
2018-02-18,246.13,80.66,140.92
2018-02-19,237.79,83.77,140.92
2018-02-20,246.61,83.61,140.92
2018-02-21,248.65,89.49,140.92
2018-02-22,258.08,88.62,140.92
2018-02-23,261.94,85.68,140.92
2018-02-24,232.8,80.85,140.92
2018-02-25,233.99,86.13,140.92
2018-02-26,253.93,99.51,140.92
2018-02-27,287.32,90.55,140.92
2018-02-28,306.96,91.65,140.92
2018-03-01,313.59,87.24,110.77
2018-03-02,287.85,91.86,110.77
2018-03-03,264.84,90.81,110.77
2018-03-04,281.48,89.83,110.77
2018-03-05,282.6,97.41,110.77
2018-03-06,307.49,92.58,110.77
2018-03-07,267.65,94.54,110.77
2018-03-08,263.71,95.01,110.77
2018-03-09,253.49,86.16,110.77
2018-03-10,244.12,79.43,110.77
2018-03-11,227.9,80.98,110.77
2018-03-12,217.76,92.51,110.77
2018-03-13,209.55,87.02,110.77
2018-03-14,197.29,77.78,110.77
2018-03-15,217.76,76.39,110.77
2018-03-16,223.2,78.53,110.77
2018-03-17,241.73,81.76,110.77
2018-03-18,267.32,85.92,110.77
2018-03-19,254.26,96.35,110.77
2018-03-20,254.62,91.22,110.77
2018-03-21,230.66,79.26,110.77
2018-03-22,215.89,77.83,110.77
2018-03-23,222.31,77.92,110.77
2018-03-24,212.74,71.27,110.77
2018-03-25,222.8,66.92,110.77
2018-03-26,224,83.61,110.77
2018-03-27,220.85,82.27,110.77
2018-03-28,238.71,86.41,110.77
2018-03-29,251.47,86.28,110.77
2018-03-30,236.65,79.39,110.77
2018-03-31,235.92,80.57,110.77
2018-04-01,204.06,79.69,134.64
2018-04-02,216.75,78.68,134.64
2018-04-03,241.13,91.18,134.64
2018-04-04,247.01,91.99,134.64
2018-04-05,229.76,87.22,134.64
2018-04-06,209.84,78.98,134.64
2018-04-07,187.98,71.9,134.64
2018-04-08,187.35,72.07,134.64
2018-04-09,194.36,79.48,134.64
2018-04-10,203.53,75.88,134.64
2018-04-11,212.16,79.74,134.64
2018-04-12,212.48,74.26,134.64
2018-04-13,205.04,79.59,134.64
2018-04-14,182.64,72.35,134.64
2018-04-15,168.87,66.87,134.64
2018-04-16,162.05,69.41,134.64
2018-04-17,131.5,63.44,134.64
2018-04-18,123.15,68.8,134.64
2018-04-19,143.04,68.25,134.64
2018-04-20,157.94,67.21,134.64
2018-04-21,147.57,65.63,134.64
2018-04-22,154.12,74.73,134.64
2018-04-23,153.98,67.1,134.64
2018-04-24,173.23,69.84,134.64
2018-04-25,177.34,74.35,134.64
2018-04-26,166.15,69.74,134.64
2018-04-27,181.58,74.79,134.64
2018-04-28,180.88,71.13,134.64
2018-04-29,170.01,73.6,134.64
2018-04-30,183.45,81.87,134.64
2018-05-01,183.3,72.12,123.5
2018-05-02,192.24,74.79,123.5
2018-05-03,181.12,69.56,123.5
2018-05-04,175.81,66.39,123.5
2018-05-05,159.13,59.63,123.5
2018-05-06,152.04,60.69,123.5
2018-05-07,145.26,65.96,123.5
2018-05-08,160.9,70.97,123.5
2018-05-09,147.78,65.9,123.5
2018-05-10,157.26,68.97,123.5
2018-05-11,135.3,66.79,123.5
2018-05-12,143.87,65.52,123.5
2018-05-13,141.09,64.1,123.5
2018-05-14,128.49,71.18,123.5
2018-05-15,136.56,68.24,123.5
2018-05-16,133.89,74.98,123.5
2018-05-17,134.73,73.87,123.5
2018-05-18,131.01,68.14,123.5
2018-05-19,92.55,56.95,123.5
2018-05-20,111.76,50.81,123.5
2018-05-21,130.96,67.59,123.5
2018-05-22,131.85,69.29,123.5
2018-05-23,142.24,75.25,123.5
2018-05-24,128.58,73.05,123.5
2018-05-25,104.39,63.66,123.5
2018-05-26,85.47,59.35,123.5
2018-05-27,85.26,60.45,123.5
2018-05-28,106.6,68.48,123.5
2018-05-29,108.82,73.33,123.5
2018-05-30,113.45,69.06,123.5
2018-05-31,116.72,70.27,123.5
2018-06-01,112.4,68.18,135.49
2018-06-02,104.34,63.25,135.49
2018-06-03,107.36,63.15,135.49
2018-06-04,118.24,71.07,135.49
2018-06-05,126.2,68.9,135.49
2018-06-06,118.84,68.47,135.49
2018-06-07,104.22,68.9,135.49
2018-06-08,125.99,68.28,135.49
2018-06-09,121.57,74.53,135.49
2018-06-10,120.15,61.59,135.49
2018-06-11,132.94,69.74,135.49
2018-06-12,129.42,70.52,135.49
2018-06-13,118.86,63.51,135.49
2018-06-14,102.4,56.6,135.49
2018-06-15,148.05,62.1,135.49
2018-06-16,118.58,60.44,135.49
2018-06-17,118.3,60.59,135.49
2018-06-18,102.74,60.63,135.49
2018-06-19,120.18,67.41,135.49
2018-06-20,116.46,69.01,135.49
2018-06-21,101.2,60.66,135.49
2018-06-22,112.97,63.09,135.49
2018-06-23,128.92,57.72,135.49
2018-06-24,135.9,57.4,135.49
2018-06-25,126,66.43,135.49
2018-06-26,122.48,69.02,135.49
2018-06-27,122.8,71.54,135.49
2018-06-28,124.84,71.33,135.49
2018-06-29,106.06,69.53,135.49
2018-06-30,65.5,60.44,135.49
2018-07-01,96.2,58.15,125.24
2018-07-02,112.82,67.72,125.24
2018-07-03,121.36,70.14,125.24
2018-07-04,121.55,66.48,125.24
2018-07-05,120.5,62.68,125.24
2018-07-06,118.37,63.62,125.24
2018-07-07,110.66,59.01,125.24
2018-07-08,110.3,54.72,125.24
2018-07-09,119.39,65.64,125.24
2018-07-10,123.92,76.6,125.24
2018-07-11,124.56,68.81,125.24
2018-07-12,122.58,67.77,125.24
2018-07-13,118.73,66.05,125.24
2018-07-14,107.96,56.01,125.24
2018-07-15,97.96,56.99,125.24
2018-07-16,117.55,64.05,125.24
2018-07-17,118.36,66.58,125.24
2018-07-18,118.64,66.93,125.24
2018-07-19,122.2,64.94,125.24
2018-07-20,119.63,65.21,125.24
2018-07-21,105.23,57.98,125.24
2018-07-22,92.5,54.8,125.24
2018-07-23,108.16,64.64,125.24
2018-07-24,116.31,66.88,125.24
2018-07-25,108.73,65.06,125.24
2018-07-26,79.63,62.6,125.24
2018-07-27,94.87,64.54,125.24
2018-07-28,58.31,54,125.24
2018-07-29,68.26,57.63,125.24
2018-07-30,73.07,64.7,125.24
2018-07-31,74.24,57.56,125.24
2018-08-01,72.51,57.66,124.88
2018-08-02,78.41,65.07,124.88
2018-08-03,93.12,62.55,124.88
2018-08-04,89.64,59,124.88
2018-08-05,83.15,57.85,124.88
2018-08-06,98.81,61.89,124.88
2018-08-07,107.23,65.28,124.88
2018-08-08,95.45,63.48,124.88
2018-08-09,110.28,62.73,124.88
2018-08-10,95.52,66.32,124.88
2018-08-11,69.56,60.13,124.88
2018-08-12,73.42,61.55,124.88
2018-08-13,74.99,64.48,124.88
2018-08-14,73.61,65.64,124.88
2018-08-15,72.77,69.75,124.88
2018-08-16,81.21,69.23,124.88
2018-08-17,81.58,67.71,124.88
2018-08-18,74.91,66.86,124.88
2018-08-19,70.55,68.11,124.88
2018-08-20,76.07,71.98,124.88
2018-08-21,74.52,63.65,124.88
2018-08-22,80.52,66.14,124.88
2018-08-23,90.58,68.84,124.88
2018-08-24,95.97,67.96,124.88
2018-08-25,91.9,63.55,124.88
2018-08-26,102.41,66.39,124.88
2018-08-27,105.29,71.31,124.88
2018-08-28,117.08,64.11,124.88
2018-08-29,128.16,65.98,124.88
2018-08-30,149.93,69.31,124.88
2018-08-31,136.12,62.14,124.88
2018-09-01,135.11,61.18,135.83
2018-09-02,131.07,58.37,135.83
2018-09-03,151.52,67.64,135.83
2018-09-04,156.98,71.24,135.83
2018-09-05,157.23,71.33,135.83
2018-09-06,145.98,71.51,135.83
2018-09-07,103.4,69.14,135.83
2018-09-08,121.05,67.08,135.83
2018-09-09,98.33,59.64,135.83
2018-09-10,103.56,61.26,135.83
2018-09-11,102.31,56.82,135.83
2018-09-12,102.48,59.8,135.83
2018-09-13,104.37,62.27,135.83
2018-09-14,123.43,65.65,135.83
2018-09-15,138.59,63.45,135.83
2018-09-16,105.04,55.31,135.83
2018-09-17,110.77,67.66,135.83
2018-09-18,97.71,67.01,135.83
2018-09-19,109.84,63.93,135.83
2018-09-20,115.93,65.6,135.83
2018-09-21,124.27,68.18,135.83
2018-09-22,138.95,62.17,135.83
2018-09-23,161.65,69.63,135.83
2018-09-24,158.46,70.92,135.83
2018-09-25,133.32,63.65,135.83
2018-09-26,104.45,62.24,135.83
2018-09-27,124.55,62.26,135.83
2018-09-28,155.28,72.51,135.83
2018-09-29,126.23,55.84,135.83
2018-09-30,134.23,58.6,135.83
2018-10-01,146.09,72.31,135.83
2018-10-02,148.49,81.92,135.83
2018-10-03,163.94,71.06,135.83
2018-10-04,148.3,62.7,135.83
2018-10-05,194.12,72.99,135.83
2018-10-06,191.24,72.41,135.83
2018-10-07,164.21,55.47,135.83
2018-10-08,144.93,62.48,135.83
2018-10-09,133.66,60.62,135.83
2018-10-10,112.95,67.84,135.83
2018-10-11,120.43,72.2,135.83
2018-10-12,123.15,70.42,135.83
2018-10-13,131.48,73.35,135.83
2018-10-14,161.88,66.37,135.83
2018-10-15,205.23,74.97,135.83
2018-10-16,185.9,70.02,135.83
2018-10-17,207.48,76.39,135.83
2018-10-18,215.77,79.2,135.83
2018-10-19,193.66,69.8,135.83
2018-10-20,137.11,63.23,135.83
2018-10-21,149.65,59.11,135.83
2018-10-22,168.93,67.4,135.83
2018-10-23,153.66,66.58,135.83
2018-10-24,156.64,66.45,135.83
2018-10-25,187.84,70.18,135.83
2018-10-26,202.74,72.32,135.83
2018-10-27,234.78,75.57,135.83
2018-10-28,243.1,89.7,135.83
2018-10-29,274.73,88.69,135.83
2018-10-30,267.17,93.8,135.83
2018-10-31,256.05,86.1,135.83
2018-11-01,269.79,86.2,135.83
2018-11-02,238.82,77.78,135.83
2018-11-03,167.55,57.39,135.83
2018-11-04,183.69,67.47,135.83
2018-11-05,215.12,79.59,135.83
2018-11-06,190.68,75.85,135.83
2018-11-07,187.91,78.71,135.83
2018-11-08,199.71,82.5,135.83
2018-11-09,185.63,71.53,135.83
2018-11-10,203.57,77.66,135.83
2018-11-11,207.78,82.34,135.83
2018-11-12,223.93,79.6,135.83
2018-11-13,207.45,78.19,135.83
2018-11-14,161.71,72.25,135.83
2018-11-15,187.83,72.04,135.83
2018-11-16,197.55,78.84,135.83
2018-11-17,186,72.09,135.83
2018-11-18,186.41,80.46,135.83
2018-11-19,245.27,98.56,135.83
2018-11-20,253.12,87.02,135.83
2018-11-21,243.63,78.47,135.83
2018-11-22,267.21,92.37,135.83
2018-11-23,260.83,89.14,135.83
2018-11-24,250.32,86.21,135.83
2018-11-25,260.55,83.75,135.83
2018-11-26,281.86,93.37,135.83
2018-11-27,254.95,83.33,135.83
2018-11-28,212.2,79.99,135.83
2018-11-29,217.91,83.09,135.83
2018-11-30,224.77,74.74,135.83
2018-12-01,240.98,83.87,135.83
2018-12-02,238.01,86.26,135.83
2018-12-03,272.37,86.85,135.83
2018-12-04,285.95,91.18,135.83
2018-12-05,286.13,95.63,135.83
2018-12-06,231.47,84.48,135.83
2018-12-07,228.65,75.21,135.83
2018-12-08,224.48,79.37,135.83
2018-12-09,243.84,84.94,135.83
2018-12-10,287.77,92.99,135.83
2018-12-11,278.85,85.2,135.83
